0.0001 0.00783962 0.999998 8.3275e-13 2.61111e-08
0.0003 0.00784226 0.999994 5.49156e-12 2.09763e-07
0.0007 0.00784753 0.999985 4.15699e-11 1.72477e-06
0.0015 0.00785809 0.999968 3.30035e-10 1.42608e-05
0.0023 0.00786865 0.999952 3.3677e-10 1.50037e-05
0.0031 0.00787921 0.999935 3.46576e-10 1.61057e-05
0.0039 0.00788977 0.999918 3.59404e-10 1.74882e-05
0.0047 0.00790033 0.999901 3.74024e-10 1.90713e-05
0.0055 0.00791088 0.999884 3.89929e-10 2.07828e-05
0.0063 0.00792144 0.999867 4.06368e-10 2.25607e-05
0.0067 0.00792672 0.999859 5.30405e-11 2.98537e-06
0.0071 0.007932 0.99985 5.41036e-11 3.09851e-06
0.0075 0.00793728 0.999842 5.51503e-11 3.21056e-06
0.0079 0.00794256 0.999833 5.62091e-11 3.32107e-06
0.0083 0.00794783 0.999825 5.72423e-11 3.42967e-06
0.0087 0.00795311 0.999816 5.82727e-11 3.5361e-06
0.0091 0.00795839 0.999808 5.93097e-11 3.64019e-06
0.0095 0.00796367 0.999799 6.03231e-11 3.74186e-06
0.0099 0.00796894 0.999791 6.13141e-11 3.84113e-06
0.0103 0.00797422 0.999782 6.2295e-11 3.93808e-06
0.0107 0.0079795 0.999774 6.32842e-11 4.03291e-06
0.0111 0.00798477 0.999765 6.42647e-11 4.12584e-06
0.0115 0.00799005 0.999757 6.52639e-11 4.21719e-06
0.0119 0.00799533 0.999748 6.62068e-11 4.30731e-06
0.0123 0.0080006 0.99974 6.71622e-11 4.39657e-06
0.0127 0.00800588 0.999731 6.812e-11 4.48539e-06
0.0131 0.00801115 0.999722 6.90851e-11 4.57417e-06
0.0135 0.00801643 0.999714 7.00941e-11 4.66331e-06
0.0139 0.0080217 0.999705 7.1143e-11 4.75318e-06
0.0143 0.00802698 0.999697 7.22425e-11 4.84414e-06
0.0147 0.00803225 0.999688 7.33926e-11 4.93649e-06
0.0151 0.00803752 0.99968 7.44939e-11 5.03051e-06
0.0155 0.0080428 0.999671 7.56276e-11 5.12639e-06
0.0159 0.00804807 0.999663 7.68812e-11 5.22434e-06
0.0163 0.00805334 0.999654 7.81785e-11 5.32446e-06
0.0167 0.00805861 0.999646 7.94934e-11 5.42687e-06
0.0171 0.00806388 0.999637 8.07605e-11 5.53162e-06
0.0175 0.00806915 0.999628 8.21423e-11 5.63876e-06
0.0179 0.00807442 0.99962 8.3488e-11 5.74832e-06
0.0183 0.00807969 0.999611 8.49163e-11 5.86031e-06
0.0187 0.00808496 0.999603 8.63754e-11 5.97477e-06
0.0191 0.00809023 0.999594 8.7847e-11 6.09171e-06
0.0195 0.00809549 0.999586 8.93794e-11 6.21118e-06
0.0199 0.00810076 0.999577 9.09415e-11 6.33321e-06
0.0203 0.00810603 0.999568 9.26411e-11 6.45785e-06
0.0207 0.00811129 0.99956 9.42955e-11 6.58518e-06
0.0211 0.00811656 0.999551 9.59201e-11 6.71525e-06
0.0215 0.00812182 0.999543 9.75709e-11 6.84813e-06
0.0219 0.00812709 0.999534 9.92351e-11 6.98387e-06
0.0223 0.00813235 0.999526 1.00977e-10 7.12252e-06
0.0227 0.00813761 0.999517 1.02793e-10 7.26412e-06
0.0231 0.00814287 0.999508 1.04523e-10 7.40865e-06
0.0235 0.00814814 0.9995 1.06305e-10 7.55612e-06
0.0239 0.0081534 0.999491 1.08099e-10 7.70646e-06
0.0243 0.00815866 0.999483 1.09966e-10 7.85961e-06
0.0247 0.00816391 0.999474 1.11813e-10 8.01546e-06
0.0251 0.00816917 0.999465 1.13566e-10 8.17389e-06
0.0255 0.00817443 0.999457 1.15489e-10 8.33474e-06
0.0259 0.00817969 0.999448 1.17408e-10 8.49787e-06
0.0263 0.00818494 0.99944 1.19343e-10 8.66308e-06
0.0267 0.0081902 0.999431 1.2122e-10 8.8302e-06
0.0271 0.00819545 0.999422 1.23114e-10 8.99904e-06
0.0275 0.0082007 0.999414 1.25095e-10 9.16944e-06
0.0279 0.00820596 0.999405 1.26928e-10 9.34123e-06
0.0283 0.00821121 0.999396 1.28755e-10 9.51427e-06
0.0287 0.00821646 0.999388 1.30704e-10 9.68842e-06
0.0291 0.00822171 0.999379 1.3284e-10 9.86358e-06
0.0295 0.00822696 0.999371 1.34933e-10 1.00397e-05
0.0299 0.0082322 0.999362 1.36821e-10 1.02166e-05
0.0303 0.00823745 0.999353 1.38627e-10 1.03944e-05
0.0307 0.0082427 0.999345 1.40497e-10 1.05729e-05
0.0311 0.00824794 0.999336 1.42448e-10 1.07522e-05
0.0315 0.00825319 0.999327 1.44537e-10 1.09323e-05
0.0319 0.00825843 0.999319 1.46826e-10 1.11132e-05
0.0323 0.00826367 0.99931 1.49029e-10 1.12948e-05
0.0327 0.00826891 0.999301 1.51166e-10 1.14772e-05
0.0331 0.00827415 0.999293 1.53175e-10 1.16604e-05
0.0335 0.00827939 0.999284 1.5513e-10 1.18444e-05
0.0339 0.00828463 0.999275 1.57067e-10 1.2029e-05
0.0343 0.00828987 0.999267 1.59125e-10 1.22144e-05
0.0347 0.0082951 0.999258 1.61437e-10 1.24004e-05
0.0351 0.00830034 0.99925 1.63794e-10 1.25869e-05
0.0355 0.00830557 0.999241 1.66096e-10 1.2774e-05
0.0359 0.0083108 0.999232 1.68242e-10 1.29616e-05
0.0363 0.00831603 0.999224 1.70336e-10 1.31496e-05
0.0367 0.00832127 0.999215 1.72268e-10 1.33379e-05
0.0371 0.00832649 0.999206 1.74449e-10 1.35265e-05
0.0375 0.00833172 0.999198 1.76718e-10 1.37154e-05
0.0379 0.00833695 0.999189 1.78986e-10 1.39046e-05
0.0383 0.00834217 0.99918 1.81336e-10 1.4094e-05
0.0387 0.0083474 0.999172 1.83689e-10 1.42837e-05
0.0391 0.00835262 0.999163 1.85926e-10 1.44738e-05
0.0395 0.00835784 0.999154 1.88209e-10 1.46643e-05
0.0399 0.00836307 0.999146 1.90426e-10 1.48552e-05
0.0403 0.00836829 0.999137 1.9259e-10 1.50467e-05
0.0407 0.0083735 0.999128 1.94807e-10 1.52388e-05
0.0411 0.00837872 0.99912 1.97199e-10 1.54316e-05
0.0415 0.00838394 0.999111 1.99385e-10 1.56251e-05
0.0419 0.00838915 0.999102 2.01626e-10 1.58194e-05
0.0423 0.00839436 0.999094 2.0413e-10 1.60145e-05
0.0427 0.00839958 0.999085 2.06622e-10 1.62104e-05
0.0431 0.00840479 0.999076 2.08969e-10 1.64071e-05
0.0435 0.00841 0.999068 2.11221e-10 1.66047e-05
0.0439 0.0084152 0.999059 2.1354e-10 1.68029e-05
0.0443 0.00842041 0.99905 2.15884e-10 1.70017e-05
0.0447 0.00842562 0.999041 2.18207e-10 1.7201e-05
0.0451 0.00843082 0.999033 2.20504e-10 1.74007e-05
0.0455 0.00843602 0.999024 2.22871e-10 1.76007e-05
0.0459 0.00844122 0.999015 2.25236e-10 1.78008e-05
0.0463 0.00844642 0.999007 2.27578e-10 1.80009e-05
0.0467 0.00845162 0.998998 2.2993e-10 1.82008e-05
0.0471 0.00845682 0.998989 2.32457e-10 1.84005e-05
0.0475 0.00846201 0.998981 2.34778e-10 1.85999e-05
0.0479 0.00846721 0.998972 2.37254e-10 1.87989e-05
0.0483 0.0084724 0.998963 2.39817e-10 1.89974e-05
0.0487 0.00847759 0.998955 2.4225e-10 1.91954e-05
0.0491 0.00848278 0.998946 2.44642e-10 1.9393e-05
0.0495 0.00848797 0.998937 2.47001e-10 1.95902e-05
0.0499 0.00849316 0.998929 2.4922e-10 1.97871e-05
0.0503 0.00849834 0.99892 2.51315e-10 1.99838e-05
0.0507 0.00850353 0.998911 2.53556e-10 2.01803e-05
0.0511 0.00850871 0.998903 2.55932e-10 2.03768e-05
0.0515 0.00851389 0.998894 2.58486e-10 2.05734e-05
0.0519 0.00851907 0.998885 2.61103e-10 2.07702e-05
0.0523 0.00852424 0.998876 2.63672e-10 2.09673e-05
0.0527 0.00852942 0.998868 2.66149e-10 2.11647e-05
0.0531 0.00853459 0.998859 2.68675e-10 2.13626e-05
0.0535 0.00853977 0.99885 2.71171e-10 2.15608e-05
0.0539 0.00854494 0.998842 2.73473e-10 2.17594e-05
0.0543 0.00855011 0.998833 2.75665e-10 2.19582e-05
0.0547 0.00855528 0.998824 2.77721e-10 2.21572e-05
0.0551 0.00856044 0.998816 2.80046e-10 2.23562e-05
0.0555 0.00856561 0.998807 2.82534e-10 2.2555e-05
0.0559 0.00857077 0.998798 2.85139e-10 2.27534e-05
0.0563 0.00857593 0.99879 2.87754e-10 2.29511e-05
0.0567 0.00858109 0.998781 2.90745e-10 2.3148e-05
0.0571 0.00858625 0.998772 2.93593e-10 2.33438e-05
0.0575 0.0085914 0.998764 2.96062e-10 2.35383e-05
0.0579 0.00859656 0.998755 2.9858e-10 2.37314e-05
0.0583 0.00860171 0.998746 3.01064e-10 2.3923e-05
0.0587 0.00860686 0.998737 3.03154e-10 2.41129e-05
0.0591 0.00861201 0.998729 3.05219e-10 2.43012e-05
0.0595 0.00861716 0.99872 3.07265e-10 2.44879e-05
0.0599 0.00862231 0.998711 3.09359e-10 2.46731e-05
0.0603 0.00862745 0.998703 3.11838e-10 2.4857e-05
0.0607 0.00863259 0.998694 3.14782e-10 2.50398e-05
0.0611 0.00863773 0.998685 3.1751e-10 2.52218e-05
0.0615 0.00864287 0.998677 3.20244e-10 2.54033e-05
0.0619 0.00864801 0.998668 3.2306e-10 2.55845e-05
0.0623 0.00865314 0.998659 3.25673e-10 2.57659e-05
0.0627 0.00865828 0.998651 3.28247e-10 2.59477e-05
0.0631 0.00866341 0.998642 3.30533e-10 2.61302e-05
0.0635 0.00866854 0.998633 3.32605e-10 2.63137e-05
0.0639 0.00867367 0.998625 3.3447e-10 2.64984e-05
0.0643 0.00867879 0.998616 3.36284e-10 2.66843e-05
0.0647 0.00868392 0.998607 3.38269e-10 2.68716e-05
0.0651 0.00868904 0.998598 3.40215e-10 2.70601e-05
0.0655 0.00869416 0.99859 3.42597e-10 2.72498e-05
0.0659 0.00869928 0.998581 3.45444e-10 2.74405e-05
0.0663 0.0087044 0.998572 3.48169e-10 2.76319e-05
0.0667 0.00870951 0.998564 3.51265e-10 2.78237e-05
0.0671 0.00871462 0.998555 3.54288e-10 2.80153e-05
0.0675 0.00871973 0.998546 3.57124e-10 2.82065e-05
0.0679 0.00872484 0.998538 3.59731e-10 2.83966e-05
0.0683 0.00872995 0.998529 3.62304e-10 2.85852e-05
0.0687 0.00873506 0.99852 3.64465e-10 2.87719e-05
0.0691 0.00874016 0.998512 3.66467e-10 2.89561e-05
0.0695 0.00874526 0.998503 3.68262e-10 2.91375e-05
0.0699 0.00875036 0.998494 3.70513e-10 2.93157e-05
0.0703 0.00875546 0.998486 3.72753e-10 2.94905e-05
0.0707 0.00876055 0.998477 3.7512e-10 2.96617e-05
0.0709 0.0087631 0.998473 4.88113e-11 3.75877e-06
0.0711 0.00876565 0.998468 4.89684e-11 3.76923e-06
0.0713 0.00876819 0.998464 4.91483e-11 3.77958e-06
0.0715 0.00877074 0.99846 4.93249e-11 3.78981e-06
0.0717 0.00877328 0.998455 4.94818e-11 3.79994e-06
0.0719 0.00877583 0.998451 4.9645e-11 3.80995e-06
0.0721 0.00877837 0.998447 4.9827e-11 3.81987e-06
0.0723 0.00878091 0.998442 4.99951e-11 3.82969e-06
0.0725 0.00878346 0.998438 5.01581e-11 3.83943e-06
0.0727 0.008786 0.998434 5.03126e-11 3.84909e-06
0.0729 0.00878854 0.998429 5.04636e-11 3.85869e-06
0.0731 0.00879108 0.998425 5.06524e-11 3.86823e-06
0.0733 0.00879362 0.998421 5.08166e-11 3.87772e-06
0.0735 0.00879616 0.998416 5.09584e-11 3.88718e-06
0.0737 0.0087987 0.998412 5.11189e-11 3.89661e-06
0.0739 0.00880124 0.998408 5.12578e-11 3.90603e-06
0.0741 0.00880378 0.998403 5.14032e-11 3.91544e-06
0.0743 0.00880632 0.998399 5.15545e-11 3.92487e-06
0.0745 0.00880886 0.998395 5.16812e-11 3.93431e-06
0.0747 0.0088114 0.99839 5.18025e-11 3.94379e-06
0.0749 0.00881393 0.998386 5.19208e-11 3.95331e-06
0.0751 0.00881647 0.998382 5.20525e-11 3.96289e-06
0.0753 0.008819 0.998377 5.21899e-11 3.97253e-06
0.0755 0.00882154 0.998373 5.23002e-11 3.98225e-06
0.0757 0.00882407 0.998369 5.24853e-11 3.99204e-06
0.0759 0.00882661 0.998364 5.26137e-11 4.00193e-06
0.0761 0.00882914 0.99836 5.27632e-11 4.01191e-06
0.0763 0.00883168 0.998356 5.28751e-11 4.02199e-06
0.0765 0.00883421 0.998351 5.29838e-11 4.03219e-06
0.0767 0.00883674 0.998347 5.30895e-11 4.04249e-06
0.0769 0.00883927 0.998343 5.3218e-11 4.0529e-06
0.0771 0.0088418 0.998338 5.33557e-11 4.06343e-06
0.0773 0.00884433 0.998334 5.35141e-11 4.07408e-06
0.0775 0.00884686 0.99833 5.36612e-11 4.08483e-06
0.0777 0.00884939 0.998325 5.37982e-11 4.09569e-06
0.0779 0.00885192 0.998321 5.39735e-11 4.10666e-06
0.0781 0.00885445 0.998317 5.41288e-11 4.11773e-06
0.0783 0.00885698 0.998312 5.42814e-11 4.12889e-06
0.0785 0.0088595 0.998308 5.44571e-11 4.14014e-06
0.0787 0.00886203 0.998304 5.46089e-11 4.15146e-06
0.0789 0.00886456 0.998299 5.47594e-11 4.16284e-06
0.0791 0.00886708 0.998295 5.49196e-11 4.17428e-06
0.0793 0.00886961 0.998291 5.50835e-11 4.18576e-06
0.0795 0.00887213 0.998286 5.52541e-11 4.19726e-06
0.0797 0.00887466 0.998282 5.5421e-11 4.20879e-06
0.0799 0.00887718 0.998278 5.55775e-11 4.22031e-06
0.0801 0.0088797 0.998273 5.57475e-11 4.23181e-06
0.0803 0.00888223 0.998269 5.59094e-11 4.24328e-06
0.0805 0.00888475 0.998265 5.60591e-11 4.25471e-06
0.0807 0.00888727 0.99826 5.62044e-11 4.26608e-06
0.0809 0.00888979 0.998256 5.63491e-11 4.27736e-06
0.0811 0.00889231 0.998252 5.65086e-11 4.28856e-06
0.0813 0.00889483 0.998248 5.6662e-11 4.29964e-06
0.0815 0.00889735 0.998243 5.68184e-11 4.3106e-06
0.0817 0.00889987 0.998239 5.69736e-11 4.32143e-06
0.0819 0.00890239 0.998235 5.71532e-11 4.33211e-06
0.0821 0.0089049 0.99823 5.73546e-11 4.34262e-06
0.0823 0.00890742 0.998226 5.74916e-11 4.35296e-06
0.0825 0.00890994 0.998222 5.76507e-11 4.36312e-06
0.0827 0.00891245 0.998217 5.77716e-11 4.37308e-06
0.0829 0.00891497 0.998213 5.79135e-11 4.38284e-06
0.0831 0.00891748 0.998209 5.80544e-11 4.3924e-06
0.0833 0.00892 0.998204 5.82152e-11 4.40174e-06
0.0835 0.00892251 0.9982 5.83558e-11 4.41087e-06
0.0837 0.00892502 0.998196 5.84815e-11 4.41978e-06
0.0839 0.00892754 0.998191 5.86577e-11 4.42848e-06
0.0841 0.00893005 0.998187 5.87896e-11 4.43696e-06
0.0843 0.00893256 0.998183 5.89248e-11 4.44523e-06
0.0845 0.00893507 0.998178 5.90592e-11 4.4533e-06
0.0847 0.00893758 0.998174 5.92243e-11 4.46116e-06
0.0849 0.00894009 0.99817 5.94166e-11 4.46884e-06
0.0851 0.0089426 0.998165 5.95636e-11 4.47633e-06
0.0853 0.00894511 0.998161 5.96822e-11 4.48366e-06
0.0855 0.00894762 0.998157 5.98347e-11 4.49082e-06
0.0857 0.00895012 0.998153 5.9978e-11 4.49785e-06
0.0859 0.00895263 0.998148 6.01157e-11 4.50475e-06
0.0861 0.00895514 0.998144 6.02746e-11 4.51154e-06
0.0863 0.00895764 0.99814 6.04181e-11 4.51824e-06
0.0865 0.00896015 0.998135 6.05778e-11 4.52487e-06
0.0867 0.00896265 0.998131 6.0744e-11 4.53145e-06
0.0869 0.00896516 0.998127 6.08776e-11 4.53799e-06
0.0871 0.00896766 0.998122 6.09628e-11 4.54452e-06
0.0873 0.00897016 0.998118 6.11124e-11 4.55106e-06
0.0875 0.00897266 0.998114 6.12184e-11 4.55762e-06
0.0877 0.00897517 0.998109 6.13417e-11 4.56424e-06
0.0879 0.00897767 0.998105 6.14566e-11 4.57093e-06
0.0881 0.00898017 0.998101 6.158e-11 4.57772e-06
0.0883 0.00898267 0.998097 6.17345e-11 4.58461e-06
0.0885 0.00898517 0.998092 6.19021e-11 4.59163e-06
0.0887 0.00898767 0.998088 6.20126e-11 4.5988e-06
0.0889 0.00899016 0.998084 6.22109e-11 4.60614e-06
0.0891 0.00899266 0.998079 6.23089e-11 4.61366e-06
0.0893 0.00899516 0.998075 6.23733e-11 4.62137e-06
0.0895 0.00899766 0.998071 6.25015e-11 4.62928e-06
0.0897 0.00900015 0.998066 6.26304e-11 4.63742e-06
0.0899 0.00900265 0.998062 6.27508e-11 4.64578e-06
0.0901 0.00900514 0.998058 6.28747e-11 4.65437e-06
0.0903 0.00900764 0.998053 6.30097e-11 4.6632e-06
0.0905 0.00901013 0.998049 6.31238e-11 4.67227e-06
0.0907 0.00901262 0.998045 6.32852e-11 4.68158e-06
0.0909 0.00901511 0.998041 6.33857e-11 4.69113e-06
0.0911 0.00901761 0.998036 6.35936e-11 4.70092e-06
0.0913 0.0090201 0.998032 6.37395e-11 4.71094e-06
0.0915 0.00902259 0.998028 6.38749e-11 4.72118e-06
0.0917 0.00902508 0.998023 6.40344e-11 4.73163e-06
0.0919 0.00902757 0.998019 6.41737e-11 4.74229e-06
0.0921 0.00903006 0.998015 6.42941e-11 4.75312e-06
0.0923 0.00903254 0.998011 6.44648e-11 4.76413e-06
0.0925 0.00903503 0.998006 6.46705e-11 4.77529e-06
0.0927 0.00903752 0.998002 6.48415e-11 4.78659e-06
0.0929 0.00904001 0.997998 6.50088e-11 4.79799e-06
0.0931 0.00904249 0.997993 6.51748e-11 4.80948e-06
0.0933 0.00904498 0.997989 6.53388e-11 4.82104e-06
0.0935 0.00904746 0.997985 6.54749e-11 4.83265e-06
0.0937 0.00904995 0.99798 6.56612e-11 4.84427e-06
0.0939 0.00905243 0.997976 6.57996e-11 4.85588e-06
0.0941 0.00905491 0.997972 6.59271e-11 4.86745e-06
0.0943 0.00905739 0.997968 6.60738e-11 4.87896e-06
0.0945 0.00905988 0.997963 6.61825e-11 4.89039e-06
0.0947 0.00906236 0.997959 6.63234e-11 4.90169e-06
0.0949 0.00906484 0.997955 6.64152e-11 4.91286e-06
0.0951 0.00906732 0.99795 6.65549e-11 4.92386e-06
0.0953 0.0090698 0.997946 6.67287e-11 4.93467e-06
0.0955 0.00907227 0.997942 6.68647e-11 4.94526e-06
0.0957 0.00907475 0.997938 6.69848e-11 4.95561e-06
0.0959 0.00907723 0.997933 6.71075e-11 4.9657e-06
0.0961 0.00907971 0.997929 6.72942e-11 4.97552e-06
0.0963 0.00908218 0.997925 6.74312e-11 4.98503e-06
0.0965 0.00908466 0.99792 6.7607e-11 4.99422e-06
0.0967 0.00908713 0.997916 6.77208e-11 5.00309e-06
0.0969 0.00908961 0.997912 6.79426e-11 5.01161e-06
0.0971 0.00909208 0.997908 6.80597e-11 5.01977e-06
0.0973 0.00909456 0.997903 6.81773e-11 5.02757e-06
0.0975 0.00909703 0.997899 6.83271e-11 5.035e-06
0.0977 0.0090995 0.997895 6.85059e-11 5.04205e-06
0.0979 0.00910197 0.99789 6.86694e-11 5.04873e-06
0.0981 0.00910444 0.997886 6.87991e-11 5.05502e-06
0.0983 0.00910691 0.997882 6.8935e-11 5.06094e-06
0.0985 0.00910938 0.997878 6.905e-11 5.0665e-06
0.0987 0.00911185 0.997873 6.92065e-11 5.07169e-06
0.0989 0.00911432 0.997869 6.93693e-11 5.07652e-06
0.0991 0.00911679 0.997865 6.95042e-11 5.08102e-06
0.0993 0.00911925 0.99786 6.95974e-11 5.08519e-06
0.0995 0.00912172 0.997856 6.97324e-11 5.08905e-06
0.0997 0.00912418 0.997852 6.98357e-11 5.09263e-06
0.0999 0.00912665 0.997848 6.99525e-11 5.09593e-06
0.1001 0.00912911 0.997843 7.01282e-11 5.09899e-06
0.1003 0.00913158 0.997839 7.02423e-11 5.10182e-06
0.1005 0.00913404 0.997835 7.03395e-11 5.10446e-06
0.1007 0.0091365 0.997831 7.04629e-11 5.10694e-06
0.1009 0.00913897 0.997826 7.055e-11 5.10927e-06
0.1011 0.00914143 0.997822 7.06432e-11 5.11149e-06
0.1013 0.00914389 0.997818 7.07027e-11 5.11364e-06
0.1015 0.00914635 0.997813 7.08523e-11 5.11574e-06
0.1017 0.00914881 0.997809 7.09359e-11 5.11783e-06
0.1019 0.00915127 0.997805 7.09168e-11 5.11673e-06
0.1021 0.00915372 0.997801 7.278e-11 5.81898e-06
0.1023 0.00915618 0.997796 7.27218e-11 5.70328e-06
0.1025 0.00915864 0.997792 7.26699e-11 5.61366e-06
0.1027 0.0091611 0.997788 7.2591e-11 5.54415e-06
0.1029 0.00916355 0.997784 7.2469e-11 5.48957e-06
0.1031 0.00916601 0.997779 7.25152e-11 5.44555e-06
0.1033 0.00916846 0.997775 7.37114e-11 5.7949e-06
0.1035 0.00917092 0.997771 7.4786e-11 6.27412e-06
0.1037 0.00917337 0.997766 7.45947e-11 6.12945e-06
0.1039 0.00917582 0.997762 7.43682e-11 6.00601e-06
0.1041 0.00917827 0.997758 7.41312e-11 5.89883e-06
0.1043 0.00918072 0.997754 7.38935e-11 5.80426e-06
0.1045 0.00918318 0.997749 7.38061e-11 5.72025e-06
0.1047 0.00918563 0.997745 7.37513e-11 5.64648e-06
0.1049 0.00918808 0.997741 7.37706e-11 5.58457e-06
0.1051 0.00919052 0.997737 7.40782e-11 5.55688e-06
0.1053 0.00919297 0.997732 7.38862e-11 5.50163e-06
0.1055 0.00919542 0.997728 7.3916e-11 5.4608e-06
0.1057 0.00919787 0.997724 7.39127e-11 5.4187e-06
0.1059 0.00920031 0.99772 7.38659e-11 5.37601e-06
0.1061 0.00920276 0.997715 7.37094e-11 5.33121e-06
0.1063 0.0092052 0.997711 7.73941e-11 6.95672e-06
0.1065 0.00920765 0.997707 7.73664e-11 6.88206e-06
0.1067 0.00921009 0.997703 7.74858e-11 6.8519e-06
0.1069 0.00921253 0.997698 7.83915e-11 6.98766e-06
0.1071 0.00921498 0.997694 7.86034e-11 7.01396e-06
0.1073 0.00921742 0.99769 7.86623e-11 7.03428e-06
0.1075 0.00921986 0.997686 7.87611e-11 7.06915e-06
0.1077 0.0092223 0.997681 7.88645e-11 7.11055e-06
0.1079 0.00922474 0.997677 7.90043e-11 7.15108e-06
0.1081 0.00922718 0.997673 7.90939e-11 7.18407e-06
0.1083 0.00922962 0.997669 7.91799e-11 7.20365e-06
0.1085 0.00923206 0.997664 8.13783e-11 7.61351e-06
0.1087 0.00923449 0.99766 8.17295e-11 7.71878e-06
0.1089 0.00923693 0.997656 8.16124e-11 7.60501e-06
0.1091 0.00923937 0.997652 8.14756e-11 7.48315e-06
0.1093 0.0092418 0.997647 8.14513e-11 7.34915e-06
0.1095 0.00924424 0.997643 8.13385e-11 7.20105e-06
0.1097 0.00924667 0.997639 8.1205e-11 7.03877e-06
0.1099 0.0092491 0.997635 8.11954e-11 6.86396e-06
0.1101 0.00925154 0.99763 8.08298e-11 6.67399e-06
0.1103 0.00925397 0.997626 8.33129e-11 7.53761e-06
0.1105 0.0092564 0.997622 8.27869e-11 7.23507e-06
0.1107 0.00925883 0.997618 8.20826e-11 6.96302e-06
0.1109 0.00926126 0.997613 8.15969e-11 6.72545e-06
0.1111 0.00926369 0.997609 8.0903e-11 6.52884e-06
0.1113 0.00926612 0.997605 8.0527e-11 6.38184e-06
0.1115 0.00926855 0.997601 8.01792e-11 6.295e-06
0.1117 0.00927097 0.997596 7.99403e-11 6.19693e-06
0.1119 0.0092734 0.997592 8.10957e-11 6.47494e-06
0.1121 0.00927583 0.997588 8.06213e-11 6.32185e-06
0.1123 0.00927825 0.997584 8.12036e-11 6.42447e-06
0.1125 0.00928068 0.99758 8.09162e-11 6.29529e-06
0.1127 0.0092831 0.997575 8.08047e-11 6.18677e-06
0.1129 0.00928552 0.997571 8.06018e-11 6.09277e-06
0.1131 0.00928795 0.997567 8.04041e-11 6.00971e-06
0.1133 0.00929037 0.997563 8.01828e-11 5.93634e-06
0.1135 0.00929279 0.997558 7.98165e-11 5.86949e-06
0.1137 0.00929521 0.997554 8.08871e-11 6.19309e-06
0.1139 0.00929763 0.99755 8.08381e-11 6.07594e-06
0.1141 0.00930005 0.997546 8.07093e-11 5.99686e-06
0.1143 0.00930247 0.997541 8.07591e-11 5.95238e-06
0.1145 0.00930489 0.997537 8.06205e-11 5.9096e-06
0.1147 0.0093073 0.997533 8.04725e-11 5.86969e-06
0.1149 0.00930972 0.997529 8.03603e-11 5.83006e-06
0.1151 0.00931214 0.997525 8.01569e-11 5.78977e-06
0.1153 0.00931455 0.99752 8.01555e-11 5.7495e-06
0.1155 0.00931697 0.997516 8.01387e-11 5.71146e-06
0.1157 0.00931938 0.997512 8.01218e-11 5.67922e-06
0.1159 0.00932179 0.997508 8.18229e-11 6.14497e-06
0.1161 0.00932421 0.997503 8.22414e-11 6.53965e-06
0.1163 0.00932662 0.997499 8.14334e-11 6.23405e-06
0.1165 0.00932903 0.997495 8.26756e-11 6.64694e-06
0.1167 0.00933144 0.997491 8.32133e-11 6.62247e-06
0.1169 0.00933385 0.997487 8.3599e-11 6.62029e-06
0.1171 0.00933626 0.997482 8.34166e-11 6.55639e-06
0.1173 0.00933867 0.997478 8.21604e-11 5.88561e-06
0.1175 0.00934108 0.997474 8.51655e-11 6.9043e-06
0.1177 0.00934348 0.99747 8.58633e-11 7.01475e-06
0.1179 0.00934589 0.997465 8.59586e-11 7.02608e-06
0.1181 0.0093483 0.997461 8.60421e-11 7.05998e-06
0.1183 0.0093507 0.997457 8.60871e-11 7.07628e-06
0.1185 0.00935311 0.997453 8.60008e-11 7.12959e-06
0.1187 0.00935551 0.997449 9.05908e-11 9.25625e-06
0.1189 0.00935792 0.997444 9.03549e-11 9.24868e-06
0.1191 0.00936032 0.99744 9.03813e-11 9.3003e-06
0.1193 0.00936272 0.997436 9.31933e-11 9.97672e-06
0.1195 0.00936512 0.997432 9.13522e-11 9.13437e-06
0.1197 0.00936753 0.997428 9.50141e-11 1.06072e-05
0.1199 0.00936993 0.997423 9.65488e-11 1.1106e-05
0.1201 0.00937233 0.997419 9.70705e-11 1.15047e-05
0.1203 0.00937472 0.997415 9.70452e-11 1.14888e-05
0.1205 0.00937712 0.997411 9.72321e-11 1.15277e-05
0.1207 0.00937952 0.997407 9.72217e-11 1.15887e-05
0.1209 0.00938192 0.997402 9.72221e-11 1.16727e-05
0.1211 0.00938431 0.997398 9.72418e-11 1.17575e-05
0.1213 0.00938671 0.997394 1.02266e-10 1.32396e-05
0.1215 0.0093891 0.99739 1.0233e-10 1.32587e-05
0.1217 0.0093915 0.997386 1.02471e-10 1.33e-05
0.1219 0.00939389 0.997381 1.02695e-10 1.33516e-05
0.1221 0.00939628 0.997377 1.02934e-10 1.34049e-05
0.1223 0.00939868 0.997373 1.03094e-10 1.34529e-05
0.1225 0.00940107 0.997369 1.05119e-10 1.39369e-05
0.1227 0.00940346 0.997365 1.06473e-10 1.45595e-05
0.1229 0.00940585 0.99736 1.06666e-10 1.45659e-05
0.1231 0.00940824 0.997356 1.04395e-10 1.37877e-05
0.1233 0.00941063 0.997352 1.05028e-10 1.38077e-05
0.1235 0.00941302 0.997348 1.0436e-10 1.34952e-05
0.1237 0.0094154 0.997344 1.03581e-10 1.31974e-05
0.1239 0.00941779 0.997339 1.02669e-10 1.29112e-05
0.1241 0.00942018 0.997335 1.01816e-10 1.26355e-05
0.1243 0.00942256 0.997331 1.04439e-10 1.29514e-05
0.1245 0.00942495 0.997327 1.0411e-10 1.28476e-05
0.1247 0.00942733 0.997323 1.04145e-10 1.28245e-05
0.1249 0.00942971 0.997318 1.04319e-10 1.29084e-05
0.1251 0.0094321 0.997314 1.04864e-10 1.31248e-05
0.1253 0.00943448 0.99731 1.05843e-10 1.35186e-05
0.1255 0.00943686 0.997306 1.0801e-10 1.41417e-05
0.1257 0.00943924 0.997302 1.07138e-10 1.40864e-05
0.1259 0.00944162 0.997298 1.07641e-10 1.43017e-05
0.1261 0.009444 0.997293 1.08e-10 1.45314e-05
0.1263 0.00944638 0.997289 1.10242e-10 1.48921e-05
0.1265 0.00944876 0.997285 1.10368e-10 1.50963e-05
0.1267 0.00945113 0.997281 1.11091e-10 1.53211e-05
0.1269 0.00945351 0.997277 1.13532e-10 1.66144e-05
0.1271 0.00945589 0.997272 1.15435e-10 1.6895e-05
0.1273 0.00945826 0.997268 1.15625e-10 1.70265e-05
0.1275 0.00946064 0.997264 1.15251e-10 1.70143e-05
0.1277 0.00946301 0.99726 1.1473e-10 1.69154e-05
0.1279 0.00946538 0.997256 1.12889e-10 1.61471e-05
0.1281 0.00946775 0.997252 1.13282e-10 1.62958e-05
0.1283 0.00947013 0.997247 1.13881e-10 1.60912e-05
0.1285 0.0094725 0.997243 1.12746e-10 1.56293e-05
0.1287 0.00947487 0.997239 1.13083e-10 1.53413e-05
0.1289 0.00947724 0.997235 1.12832e-10 1.49997e-05
0.1291 0.00947961 0.997231 1.12982e-10 1.47045e-05
0.1293 0.00948198 0.997227 1.12072e-10 1.42953e-05
0.1295 0.00948434 0.997222 1.14133e-10 1.4378e-05
0.1297 0.00948671 0.997218 1.14495e-10 1.44202e-05
0.1299 0.00948908 0.997214 1.17205e-10 1.47106e-05
0.1301 0.00949144 0.99721 1.17341e-10 1.45895e-05
0.1303 0.00949381 0.997206 1.16594e-10 1.40605e-05
0.1305 0.00949617 0.997202 1.16594e-10 1.39859e-05
0.1307 0.00949854 0.997197 1.16124e-10 1.38001e-05
0.1309 0.0095009 0.997193 1.13483e-10 1.28789e-05
0.1311 0.00950326 0.997189 1.15319e-10 1.34253e-05
0.1313 0.00950563 0.997185 1.14452e-10 1.32375e-05
0.1315 0.00950799 0.997181 1.16749e-10 1.36176e-05
0.1317 0.00951035 0.997177 1.15865e-10 1.34764e-05
0.1319 0.00951271 0.997172 1.15074e-10 1.33599e-05
0.1321 0.00951507 0.997168 1.1662e-10 1.40693e-05
0.1323 0.00951742 0.997164 1.1608e-10 1.39577e-05
0.1325 0.00951978 0.99716 1.15816e-10 1.38679e-05
0.1327 0.00952214 0.997156 1.16246e-10 1.38507e-05
0.1329 0.00952449 0.997152 1.1634e-10 1.38122e-05
0.1331 0.00952685 0.997148 1.16055e-10 1.36967e-05
0.1333 0.0095292 0.997143 1.13607e-10 1.22089e-05
0.1335 0.00953156 0.997139 1.1712e-10 1.33626e-05
0.1337 0.00953391 0.997135 1.20256e-10 1.41073e-05
0.1339 0.00953626 0.997131 1.18316e-10 1.36811e-05
0.1341 0.00953861 0.997127 1.16615e-10 1.33428e-05
0.1343 0.00954096 0.997123 1.17386e-10 1.34746e-05
0.1345 0.00954331 0.997119 1.16595e-10 1.33017e-05
0.1347 0.00954566 0.997114 1.15491e-10 1.31652e-05
0.1349 0.00954801 0.99711 1.14588e-10 1.3099e-05
0.1351 0.00955036 0.997106 1.14146e-10 1.30962e-05
0.1353 0.00955271 0.997102 1.13818e-10 1.31487e-05
0.1355 0.00955505 0.997098 1.14479e-10 1.3389e-05
0.1357 0.0095574 0.997094 1.14998e-10 1.36079e-05
0.1359 0.00955974 0.99709 1.16343e-10 1.43553e-05
0.1361 0.00956209 0.997085 1.1611e-10 1.44535e-05
0.1363 0.00956443 0.997081 1.1714e-10 1.48055e-05
0.1365 0.00956677 0.997077 1.16797e-10 1.48534e-05
0.1367 0.00956911 0.997073 1.16772e-10 1.4923e-05
0.1369 0.00957146 0.997069 1.13268e-10 1.26594e-05
0.1371 0.0095738 0.997065 1.14659e-10 1.3055e-05
0.1373 0.00957614 0.997061 1.13072e-10 1.27704e-05
0.1375 0.00957848 0.997056 1.1343e-10 1.28019e-05
0.1377 0.00958081 0.997052 1.14459e-10 1.31048e-05
0.1379 0.00958315 0.997048 1.16289e-10 1.48848e-05
0.1381 0.00958549 0.997044 1.15903e-10 1.47522e-05
0.1383 0.00958782 0.99704 1.16326e-10 1.47051e-05
0.1385 0.00959016 0.997036 1.15849e-10 1.4288e-05
0.1387 0.00959249 0.997032 1.15051e-10 1.4084e-05
0.1389 0.00959483 0.997028 1.13672e-10 1.38261e-05
0.1391 0.00959716 0.997023 1.13658e-10 1.37252e-05
0.1393 0.00959949 0.997019 1.14215e-10 1.37012e-05
0.1395 0.00960182 0.997015 1.13816e-10 1.36889e-05
0.1397 0.00960415 0.997011 1.13201e-10 1.37266e-05
0.1399 0.00960648 0.997007 1.12484e-10 1.38194e-05
0.1401 0.00960881 0.997003 1.12427e-10 1.39578e-05
0.1403 0.00961114 0.996999 1.16399e-10 1.48312e-05
0.1405 0.00961347 0.996995 1.14737e-10 1.46248e-05
0.1407 0.0096158 0.996991 1.16374e-10 1.50077e-05
0.1409 0.00961812 0.996986 1.18262e-10 1.54772e-05
0.1411 0.00962045 0.996982 1.16836e-10 1.52399e-05
0.1413 0.00962278 0.996978 1.20187e-10 1.58668e-05
0.1415 0.0096251 0.996974 1.18457e-10 1.43321e-05
0.1417 0.00962742 0.99697 1.17326e-10 1.33705e-05
0.1419 0.00962975 0.996966 1.20379e-10 1.38336e-05
0.1421 0.00963207 0.996962 1.20476e-10 1.38722e-05
0.1423 0.00963439 0.996958 1.2051e-10 1.39123e-05
0.1425 0.00963671 0.996954 1.24214e-10 1.56628e-05
0.1427 0.00963903 0.996949 1.24247e-10 1.5463e-05
0.1429 0.00964135 0.996945 1.2263e-10 1.4417e-05
0.1431 0.00964367 0.996941 1.23662e-10 1.45922e-05
0.1433 0.00964599 0.996937 1.23164e-10 1.43341e-05
0.1435 0.00964831 0.996933 1.24536e-10 1.42703e-05
0.1437 0.00965063 0.996929 1.24038e-10 1.40088e-05
0.1439 0.00965294 0.996925 1.23442e-10 1.3761e-05
0.1441 0.00965526 0.996921 1.2304e-10 1.35274e-05
0.1443 0.00965757 0.996917 1.22418e-10 1.32997e-05
0.1445 0.00965989 0.996913 1.21711e-10 1.30771e-05
0.1447 0.0096622 0.996908 1.20963e-10 1.28601e-05
0.1449 0.00966451 0.996904 1.2033e-10 1.26514e-05
0.1451 0.00966682 0.9969 1.1969e-10 1.24551e-05
0.1453 0.00966913 0.996896 1.22168e-10 1.30358e-05
0.1455 0.00967144 0.996892 1.22225e-10 1.3173e-05
0.1457 0.00967375 0.996888 1.21426e-10 1.30652e-05
0.1459 0.00967606 0.996884 1.20911e-10 1.30211e-05
0.1461 0.00967837 0.99688 1.18989e-10 1.20298e-05
0.1463 0.00968068 0.996876 1.17934e-10 1.214e-05
0.1465 0.00968298 0.996872 1.17122e-10 1.18566e-05
0.1467 0.00968529 0.996868 1.23731e-10 1.35342e-05
0.1469 0.0096876 0.996863 1.26033e-10 1.41526e-05
0.1471 0.0096899 0.996859 1.2699e-10 1.44936e-05
0.1473 0.0096922 0.996855 1.31753e-10 1.65281e-05
0.1475 0.00969451 0.996851 1.32568e-10 1.68711e-05
0.1477 0.00969681 0.996847 1.32845e-10 1.72454e-05
0.1479 0.00969911 0.996843 1.35881e-10 1.79274e-05
0.1481 0.00970141 0.996839 1.37527e-10 1.84214e-05
0.1483 0.00970371 0.996835 1.3935e-10 1.89953e-05
0.1485 0.00970601 0.996831 1.37552e-10 1.82845e-05
0.1487 0.00970831 0.996827 1.42326e-10 1.93927e-05
0.1489 0.00971061 0.996823 1.3907e-10 1.80536e-05
0.1491 0.00971291 0.996819 1.43206e-10 1.91892e-05
0.1493 0.00971521 0.996815 1.43075e-10 1.91653e-05
0.1495 0.0097175 0.99681 1.44179e-10 1.92961e-05
0.1497 0.0097198 0.996806 1.43869e-10 1.92534e-05
0.1499 0.00972209 0.996802 1.42277e-10 1.8866e-05
0.1501 0.00972439 0.996798 1.45622e-10 1.94e-05
0.1503 0.00972668 0.996794 1.4697e-10 1.96118e-05
0.1505 0.00972897 0.99679 1.43913e-10 1.88582e-05
0.1507 0.00973127 0.996786 1.45088e-10 1.89674e-05
0.1509 0.00973356 0.996782 1.44575e-10 1.88405e-05
0.1511 0.00973585 0.996778 1.44094e-10 1.87473e-05
0.1513 0.00973814 0.996774 1.43868e-10 1.87366e-05
0.1515 0.00974043 0.99677 1.43451e-10 1.87516e-05
0.1517 0.00974271 0.996766 1.43172e-10 1.87044e-05
0.1519 0.009745 0.996762 1.42392e-10 1.86761e-05
0.1521 0.00974729 0.996758 1.42038e-10 1.86927e-05
0.1523 0.00974957 0.996754 1.38088e-10 1.64656e-05
0.1525 0.00975186 0.996749 1.38924e-10 1.67259e-05
0.1527 0.00975414 0.996745 1.40234e-10 1.72877e-05
0.1529 0.00975643 0.996741 1.40444e-10 1.72101e-05
0.1531 0.00975871 0.996737 1.415e-10 1.74417e-05
0.1533 0.00976099 0.996733 1.4177e-10 1.74313e-05
0.1535 0.00976327 0.996729 1.41283e-10 1.74294e-05
0.1537 0.00976555 0.996725 1.41215e-10 1.74678e-05
0.1539 0.00976783 0.996721 1.41073e-10 1.75642e-05
0.1541 0.00977011 0.996717 1.41807e-10 1.77681e-05
0.1543 0.00977239 0.996713 1.43486e-10 1.84088e-05
0.1545 0.00977467 0.996709 1.43067e-10 1.84549e-05
0.1547 0.00977694 0.996705 1.424e-10 1.85323e-05
0.1549 0.00977922 0.996701 1.41596e-10 1.86335e-05
0.1551 0.00978149 0.996697 1.37963e-10 1.77041e-05
0.1553 0.00978377 0.996693 1.40235e-10 1.83343e-05
0.1555 0.00978604 0.996689 1.41082e-10 1.85301e-05
0.1557 0.00978831 0.996685 1.43035e-10 1.89684e-05
0.1559 0.00979058 0.996681 1.44562e-10 1.93878e-05
0.1561 0.00979286 0.996677 1.44246e-10 1.94772e-05
0.1563 0.00979513 0.996673 1.4424e-10 1.95278e-05
0.1565 0.0097974 0.996669 1.43745e-10 1.95131e-05
0.1567 0.00979966 0.996665 1.43562e-10 1.94952e-05
0.1569 0.00980193 0.996661 1.43288e-10 1.94672e-05
0.1571 0.0098042 0.996656 1.42405e-10 1.94064e-05
0.1573 0.00980647 0.996652 1.42264e-10 1.93577e-05
0.1575 0.00980873 0.996648 1.34619e-10 1.54143e-05
0.1577 0.009811 0.996644 1.36256e-10 1.54889e-05
0.1579 0.00981326 0.99664 1.35508e-10 1.51707e-05
0.1581 0.00981553 0.996636 1.34052e-10 1.48126e-05
0.1583 0.00981779 0.996632 1.32934e-10 1.44769e-05
0.1585 0.00982005 0.996628 1.31806e-10 1.41588e-05
0.1587 0.00982231 0.996624 1.3086e-10 1.38716e-05
0.1589 0.00982457 0.99662 1.29553e-10 1.36314e-05
0.1591 0.00982683 0.996616 1.30196e-10 1.37893e-05
0.1593 0.00982909 0.996612 1.31602e-10 1.51842e-05
0.1595 0.00983135 0.996608 1.31309e-10 1.49929e-05
0.1597 0.00983361 0.996604 1.33069e-10 1.57301e-05
0.1599 0.00983586 0.9966 1.3241e-10 1.5698e-05
0.1601 0.00983812 0.996596 1.28655e-10 1.42219e-05
0.1603 0.00984037 0.996592 1.34626e-10 1.55044e-05
0.1605 0.00984263 0.996588 1.33988e-10 1.54299e-05
0.1607 0.00984488 0.996584 1.34845e-10 1.55393e-05
0.1609 0.00984714 0.99658 1.37151e-10 1.61268e-05
0.1611 0.00984939 0.996576 1.3702e-10 1.61406e-05
0.1613 0.00985164 0.996572 1.36699e-10 1.62102e-05
0.1615 0.00985389 0.996568 1.3673e-10 1.63237e-05
0.1617 0.00985614 0.996564 1.36653e-10 1.6468e-05
0.1619 0.00985839 0.99656 1.37125e-10 1.66179e-05
0.1621 0.00986064 0.996556 1.37673e-10 1.67633e-05
0.1623 0.00986288 0.996552 1.3782e-10 1.68954e-05
0.1625 0.00986513 0.996548 1.44987e-10 1.81004e-05
0.1627 0.00986738 0.996544 1.44957e-10 1.81788e-05
0.1629 0.00986962 0.99654 1.44783e-10 1.8169e-05
0.1631 0.00987187 0.996536 1.4435e-10 1.81907e-05
0.1633 0.00987411 0.996532 1.45768e-10 1.84646e-05
0.1635 0.00987636 0.996528 1.45908e-10 1.84588e-05
0.1637 0.0098786 0.996524 1.43994e-10 1.77682e-05
0.1639 0.00988084 0.99652 1.41184e-10 1.60991e-05
0.1641 0.00988308 0.996516 1.35944e-10 1.40393e-05
0.1643 0.00988532 0.996512 1.40155e-10 1.47857e-05
0.1645 0.00988756 0.996508 1.44231e-10 1.68419e-05
0.1647 0.0098898 0.996504 1.43578e-10 1.6544e-05
0.1649 0.00989204 0.9965 1.4375e-10 1.63785e-05
0.1651 0.00989428 0.996496 1.43695e-10 1.6298e-05
0.1653 0.00989652 0.996492 1.43738e-10 1.62427e-05
0.1655 0.00989875 0.996488 1.43049e-10 1.62066e-05
0.1657 0.00990099 0.996484 1.42187e-10 1.62127e-05
0.1659 0.00990322 0.99648 1.4429e-10 1.58675e-05
0.1661 0.00990546 0.996476 1.44585e-10 1.60403e-05
0.1663 0.00990769 0.996472 1.43315e-10 1.57301e-05
0.1665 0.00990992 0.996468 1.45853e-10 1.62742e-05
0.1667 0.00991215 0.996464 1.45781e-10 1.63418e-05
0.1669 0.00991438 0.99646 1.45754e-10 1.64774e-05
0.1671 0.00991661 0.996456 1.46034e-10 1.66758e-05
0.1673 0.00991884 0.996452 1.46218e-10 1.69299e-05
0.1675 0.00992107 0.996448 1.48055e-10 1.72955e-05
0.1677 0.0099233 0.996444 1.48818e-10 1.76985e-05
0.1679 0.00992553 0.99644 1.49406e-10 1.80365e-05
0.1681 0.00992775 0.996436 1.49157e-10 1.83946e-05
0.1683 0.00992998 0.996432 1.50069e-10 1.8764e-05
0.1685 0.0099322 0.996428 1.52527e-10 1.93702e-05
0.1687 0.00993443 0.996424 1.49233e-10 1.88183e-05
0.1689 0.00993665 0.99642 1.53482e-10 1.9735e-05
0.1691 0.00993887 0.996417 1.53265e-10 1.98252e-05
0.1693 0.00994109 0.996413 1.48048e-10 1.723e-05
0.1695 0.00994332 0.996409 1.48222e-10 1.7502e-05
0.1697 0.00994554 0.996405 1.47934e-10 1.73671e-05
0.1699 0.00994776 0.996401 1.46976e-10 1.72429e-05
0.1701 0.00994997 0.996397 1.44073e-10 1.63823e-05
0.1703 0.00995219 0.996393 1.45496e-10 1.65205e-05
0.1705 0.00995441 0.996389 1.46606e-10 1.68775e-05
0.1707 0.00995662 0.996385 1.45928e-10 1.68243e-05
0.1709 0.00995884 0.996381 1.43785e-10 1.62689e-05
0.1711 0.00996105 0.996377 1.47014e-10 1.6913e-05
0.1713 0.00996327 0.996373 1.49952e-10 1.74795e-05
0.1715 0.00996548 0.996369 1.55795e-10 1.92351e-05
0.1717 0.00996769 0.996365 1.54008e-10 1.89827e-05
0.1719 0.00996991 0.996361 1.53743e-10 1.88746e-05
0.1721 0.00997212 0.996357 1.55447e-10 1.92545e-05
0.1723 0.00997433 0.996353 1.55458e-10 1.94336e-05
0.1725 0.00997654 0.996349 1.56112e-10 1.96824e-05
0.1727 0.00997875 0.996345 1.58349e-10 2.01538e-05
0.1729 0.00998095 0.996341 1.57676e-10 2.0369e-05
0.1731 0.00998316 0.996337 1.54349e-10 1.91085e-05
0.1733 0.00998537 0.996333 1.50402e-10 1.83034e-05
0.1735 0.00998757 0.99633 1.56534e-10 1.95093e-05
0.1737 0.00998978 0.996326 1.57894e-10 2.04457e-05
0.1739 0.00999198 0.996322 1.57096e-10 2.03665e-05
0.1741 0.00999419 0.996318 1.50819e-10 1.67963e-05
0.1743 0.00999639 0.996314 1.49503e-10 1.58788e-05
0.1745 0.00999859 0.99631 1.4949e-10 1.58074e-05
0.1747 0.0100008 0.996306 1.50065e-10 1.59421e-05
0.1749 0.010003 0.996302 1.49186e-10 1.58149e-05
0.1751 0.0100052 0.996298 1.50704e-10 1.60192e-05
0.1753 0.0100074 0.996294 1.50256e-10 1.60502e-05
0.1755 0.0100096 0.99629 1.50154e-10 1.60401e-05
0.1757 0.0100118 0.996286 1.49765e-10 1.60947e-05
0.1759 0.010014 0.996282 1.49582e-10 1.62112e-05
0.1761 0.0100162 0.996278 1.47346e-10 1.51139e-05
0.1763 0.0100184 0.996274 1.49928e-10 1.5858e-05
0.1765 0.0100206 0.996271 1.53688e-10 1.66992e-05
0.1767 0.0100228 0.996267 1.53989e-10 1.69105e-05
0.1769 0.010025 0.996263 1.55505e-10 1.72983e-05
0.1771 0.0100271 0.996259 1.56122e-10 1.76261e-05
0.1773 0.0100293 0.996255 1.60409e-10 1.92652e-05
0.1775 0.0100315 0.996251 1.60601e-10 1.95778e-05
0.1777 0.0100337 0.996247 1.61167e-10 1.99008e-05
0.1779 0.0100359 0.996243 1.63145e-10 2.03834e-05
0.1781 0.0100381 0.996239 1.63554e-10 2.05981e-05
0.1783 0.0100403 0.996235 1.64016e-10 2.08292e-05
0.1785 0.0100425 0.996231 1.65259e-10 2.10957e-05
0.1787 0.0100447 0.996227 1.65428e-10 2.13012e-05
0.1789 0.0100468 0.996224 1.67272e-10 2.1695e-05
0.1791 0.010049 0.99622 1.69732e-10 2.29962e-05
0.1793 0.0100512 0.996216 1.69396e-10 2.30916e-05
0.1795 0.0100534 0.996212 1.67961e-10 2.23542e-05
0.1797 0.0100556 0.996208 1.66321e-10 2.2105e-05
0.1799 0.0100578 0.996204 1.666e-10 2.20638e-05
0.1801 0.0100599 0.9962 1.65734e-10 2.19838e-05
0.1803 0.0100621 0.996196 1.65169e-10 2.18981e-05
0.1805 0.0100643 0.996192 1.64034e-10 2.18082e-05
0.1807 0.0100665 0.996188 1.63405e-10 2.17163e-05
0.1809 0.0100686 0.996184 1.63786e-10 2.16306e-05
0.1811 0.0100708 0.996181 1.58406e-10 1.90003e-05
0.1813 0.010073 0.996177 1.56758e-10 1.85436e-05
0.1815 0.0100752 0.996173 1.57682e-10 1.86677e-05
0.1817 0.0100774 0.996169 1.55385e-10 1.77301e-05
0.1819 0.0100795 0.996165 1.56138e-10 1.7691e-05
0.1821 0.0100817 0.996161 1.55474e-10 1.75041e-05
0.1823 0.0100839 0.996157 1.61857e-10 1.90027e-05
0.1825 0.010086 0.996153 1.60798e-10 1.92648e-05
0.1827 0.0100882 0.996149 1.6269e-10 1.94751e-05
0.1829 0.0100904 0.996146 1.62335e-10 1.9281e-05
0.1831 0.0100925 0.996142 1.62587e-10 1.91777e-05
0.1833 0.0100947 0.996138 1.63174e-10 1.91387e-05
0.1835 0.0100969 0.996134 1.63417e-10 1.91556e-05
0.1837 0.0100991 0.99613 1.64649e-10 1.92811e-05
0.1839 0.0101012 0.996126 1.64828e-10 1.94108e-05
0.1841 0.0101034 0.996122 1.65146e-10 1.95934e-05
0.1843 0.0101055 0.996118 1.65726e-10 1.98208e-05
0.1845 0.0101077 0.996114 1.58268e-10 1.68611e-05
0.1847 0.0101099 0.996111 1.64276e-10 1.83023e-05
0.1849 0.010112 0.996107 1.64111e-10 1.8214e-05
0.1851 0.0101142 0.996103 1.63691e-10 1.81491e-05
0.1853 0.0101164 0.996099 1.62783e-10 1.81057e-05
0.1855 0.0101185 0.996095 1.64022e-10 1.82522e-05
0.1857 0.0101207 0.996091 1.63226e-10 1.81967e-05
0.1859 0.0101228 0.996087 1.634e-10 1.83002e-05
0.1861 0.010125 0.996083 1.64194e-10 1.85478e-05
0.1863 0.0101271 0.99608 1.65731e-10 1.87524e-05
0.1865 0.0101293 0.996076 1.65628e-10 1.8932e-05
0.1867 0.0101315 0.996072 1.71883e-10 2.01028e-05
0.1869 0.0101336 0.996068 1.71579e-10 2.02368e-05
0.1871 0.0101358 0.996064 1.71374e-10 2.03786e-05
0.1873 0.0101379 0.99606 1.699e-10 2.02288e-05
0.1875 0.0101401 0.996056 1.73176e-10 2.08648e-05
0.1877 0.0101422 0.996053 1.73996e-10 2.11187e-05
0.1879 0.0101444 0.996049 1.75729e-10 2.17148e-05
0.1881 0.0101465 0.996045 1.72261e-10 1.95363e-05
0.1883 0.0101487 0.996041 1.73168e-10 1.99426e-05
0.1885 0.0101508 0.996037 1.73461e-10 1.99758e-05
0.1887 0.010153 0.996033 1.75437e-10 2.02499e-05
0.1889 0.0101551 0.996029 1.79311e-10 2.08451e-05
0.1891 0.0101573 0.996026 1.79018e-10 2.09309e-05
0.1893 0.0101594 0.996022 1.75175e-10 1.98075e-05
0.1895 0.0101616 0.996018 1.79921e-10 2.05739e-05
0.1897 0.0101637 0.996014 1.76945e-10 1.96784e-05
0.1899 0.0101658 0.99601 1.8487e-10 2.19228e-05
0.1901 0.010168 0.996006 1.84285e-10 2.18782e-05
0.1903 0.0101701 0.996003 1.83459e-10 2.19025e-05
0.1905 0.0101723 0.995999 1.80974e-10 2.14192e-05
0.1907 0.0101744 0.995995 1.82151e-10 2.18736e-05
0.1909 0.0101766 0.995991 1.81044e-10 2.20136e-05
0.1911 0.0101787 0.995987 1.80693e-10 2.22193e-05
0.1913 0.0101808 0.995983 1.79188e-10 2.22673e-05
0.1915 0.010183 0.995979 1.81255e-10 2.27707e-05
0.1917 0.0101851 0.995976 1.81311e-10 2.30238e-05
0.1919 0.0101872 0.995972 1.81174e-10 2.32716e-05
0.1921 0.0101894 0.995968 1.76487e-10 2.03709e-05
0.1923 0.0101915 0.995964 1.77696e-10 2.04838e-05
0.1925 0.0101936 0.99596 1.76758e-10 2.04015e-05
0.1927 0.0101958 0.995956 1.80234e-10 2.08672e-05
0.1929 0.0101979 0.995953 1.79844e-10 2.08736e-05
0.1931 0.0102 0.995949 1.76331e-10 1.98196e-05
0.1933 0.0102022 0.995945 1.78184e-10 2.02906e-05
0.1935 0.0102043 0.995941 1.73701e-10 1.8036e-05
0.1937 0.0102064 0.995937 1.75958e-10 1.86073e-05
0.1939 0.0102086 0.995934 1.7705e-10 1.87526e-05
0.1941 0.0102107 0.99593 1.76732e-10 1.86809e-05
0.1943 0.0102128 0.995926 1.7613e-10 1.86894e-05
0.1945 0.0102149 0.995922 1.77407e-10 1.89101e-05
0.1947 0.0102171 0.995918 1.77149e-10 1.9043e-05
0.1949 0.0102192 0.995914 1.78542e-10 1.93437e-05
0.1951 0.0102213 0.995911 1.80223e-10 1.98486e-05
0.1953 0.0102234 0.995907 1.81562e-10 2.03161e-05
0.1955 0.0102256 0.995903 1.8192e-10 2.0614e-05
0.1957 0.0102277 0.995899 1.81797e-10 2.09617e-05
0.1959 0.0102298 0.995895 1.83117e-10 2.13463e-05
0.1961 0.0102319 0.995892 1.87058e-10 2.23692e-05
0.1963 0.010234 0.995888 1.84677e-10 2.17425e-05
0.1965 0.0102362 0.995884 1.85644e-10 2.22439e-05
0.1967 0.0102383 0.99588 1.88425e-10 2.28793e-05
0.1969 0.0102404 0.995876 1.88308e-10 2.31202e-05
0.1971 0.0102425 0.995873 1.88056e-10 2.32783e-05
0.1973 0.0102446 0.995869 1.89565e-10 2.35379e-05
0.1975 0.0102467 0.995865 1.91537e-10 2.44898e-05
0.1977 0.0102488 0.995861 1.91207e-10 2.45765e-05
0.1979 0.010251 0.995857 1.91152e-10 2.46602e-05
0.1981 0.0102531 0.995854 1.90759e-10 2.47409e-05
0.1983 0.0102552 0.99585 1.9115e-10 2.48199e-05
0.1985 0.0102573 0.995846 1.91026e-10 2.4899e-05
0.1987 0.0102594 0.995842 1.91125e-10 2.49785e-05
0.1989 0.0102615 0.995838 1.91119e-10 2.50461e-05
0.1991 0.0102636 0.995835 1.84556e-10 2.23915e-05
0.1993 0.0102657 0.995831 1.84434e-10 2.17507e-05
0.1995 0.0102678 0.995827 1.83512e-10 2.15735e-05
0.1997 0.0102699 0.995823 1.82644e-10 2.13779e-05
0.1999 0.010272 0.995819 1.81922e-10 2.11659e-05
0.2001 0.0102741 0.995816 1.80987e-10 2.09382e-05
0.2003 0.0102762 0.995812 1.7908e-10 2.06967e-05
0.2005 0.0102783 0.995808 1.79774e-10 2.04466e-05
0.2007 0.0102804 0.995804 1.73274e-10 1.77969e-05
0.2009 0.0102825 0.995801 1.7569e-10 1.84838e-05
0.2011 0.0102846 0.995797 1.76703e-10 1.94956e-05
0.2013 0.0102867 0.995793 1.71698e-10 1.74826e-05
0.2015 0.0102888 0.995789 1.72708e-10 1.73505e-05
0.2017 0.0102909 0.995785 1.73618e-10 1.71333e-05
0.2019 0.010293 0.995782 1.74182e-10 1.69823e-05
0.2021 0.0102951 0.995778 1.72699e-10 1.65767e-05
0.2023 0.0102972 0.995774 1.72465e-10 1.65999e-05
0.2025 0.0102993 0.99577 1.72331e-10 1.64692e-05
0.2027 0.0103014 0.995767 1.69795e-10 1.57861e-05
0.2029 0.0103035 0.995763 1.73518e-10 1.6663e-05
0.2031 0.0103056 0.995759 1.76224e-10 1.80417e-05
0.2033 0.0103077 0.995755 1.75846e-10 1.82331e-05
0.2035 0.0103098 0.995751 1.75578e-10 1.85387e-05
0.2037 0.0103119 0.995748 1.75227e-10 1.88785e-05
0.2039 0.010314 0.995744 1.76534e-10 1.93186e-05
0.2041 0.010316 0.99574 1.76348e-10 1.96805e-05
0.2043 0.0103181 0.995736 1.76834e-10 2.00549e-05
0.2045 0.0103202 0.995733 1.77568e-10 2.03815e-05
0.2047 0.0103223 0.995729 1.77699e-10 2.06507e-05
0.2049 0.0103244 0.995725 1.75926e-10 1.97105e-05
0.2051 0.0103265 0.995721 1.79941e-10 2.04665e-05
0.2053 0.0103286 0.995718 1.77977e-10 2.05622e-05
0.2055 0.0103306 0.995714 1.79969e-10 2.07023e-05
0.2057 0.0103327 0.99571 1.79873e-10 2.08308e-05
0.2059 0.0103348 0.995706 1.8049e-10 2.09579e-05
0.2061 0.0103369 0.995703 1.8143e-10 2.10569e-05
0.2063 0.010339 0.995699 1.83022e-10 2.12867e-05
0.2065 0.010341 0.995695 1.83296e-10 2.13578e-05
0.2067 0.0103431 0.995691 1.83159e-10 2.14187e-05
0.2069 0.0103452 0.995688 1.84186e-10 2.16422e-05
0.2071 0.0103473 0.995684 1.8133e-10 1.94597e-05
0.2073 0.0103493 0.99568 1.82779e-10 1.98782e-05
0.2075 0.0103514 0.995676 1.82676e-10 1.98048e-05
0.2077 0.0103535 0.995673 1.82137e-10 1.9805e-05
0.2079 0.0103556 0.995669 1.79619e-10 1.88877e-05
0.2081 0.0103576 0.995665 1.78095e-10 1.64071e-05
0.2083 0.0103597 0.995662 1.8206e-10 1.74931e-05
0.2085 0.0103618 0.995658 1.8033e-10 1.68962e-05
0.2087 0.0103639 0.995654 1.82742e-10 1.73223e-05
0.2089 0.0103659 0.99565 1.84429e-10 1.73564e-05
0.2091 0.010368 0.995647 1.87753e-10 1.89987e-05
0.2093 0.0103701 0.995643 1.87053e-10 1.91292e-05
0.2095 0.0103721 0.995639 1.88702e-10 1.93575e-05
0.2097 0.0103742 0.995635 1.93987e-10 2.07182e-05
0.2099 0.0103763 0.995632 1.94412e-10 2.08313e-05
0.2101 0.0103783 0.995628 1.94936e-10 2.10046e-05
0.2103 0.0103804 0.995624 1.95331e-10 2.12414e-05
0.2105 0.0103825 0.995621 1.96214e-10 2.15184e-05
0.2107 0.0103845 0.995617 1.96536e-10 2.18296e-05
0.2109 0.0103866 0.995613 1.93664e-10 2.06466e-05
0.2111 0.0103887 0.995609 1.93133e-10 2.09392e-05
0.2113 0.0103907 0.995606 1.93939e-10 2.11656e-05
0.2115 0.0103928 0.995602 1.93446e-10 2.13718e-05
0.2117 0.0103948 0.995598 1.93386e-10 2.15887e-05
0.2119 0.0103969 0.995594 1.93653e-10 2.18115e-05
0.2121 0.010399 0.995591 1.9058e-10 2.0704e-05
0.2123 0.010401 0.995587 1.88137e-10 1.79976e-05
0.2125 0.0104031 0.995583 1.85913e-10 1.71645e-05
0.2127 0.0104051 0.99558 1.87391e-10 1.73475e-05
0.2129 0.0104072 0.995576 1.86874e-10 1.72575e-05
0.2131 0.0104092 0.995572 1.8712e-10 1.71837e-05
0.2133 0.0104113 0.995569 1.86526e-10 1.71502e-05
0.2135 0.0104133 0.995565 1.86436e-10 1.71153e-05
0.2137 0.0104154 0.995561 1.86457e-10 1.71587e-05
0.2139 0.0104174 0.995557 1.87057e-10 1.72418e-05
0.2141 0.0104195 0.995554 1.86693e-10 1.73227e-05
0.2143 0.0104215 0.99555 1.86167e-10 1.62654e-05
0.2145 0.0104236 0.995546 1.86497e-10 1.65816e-05
0.2147 0.0104256 0.995543 1.85566e-10 1.67096e-05
0.2149 0.0104277 0.995539 1.85891e-10 1.68948e-05
0.2151 0.0104297 0.995535 1.86642e-10 1.71659e-05
0.2153 0.0104318 0.995532 1.86868e-10 1.75961e-05
0.2155 0.0104338 0.995528 1.87821e-10 1.79326e-05
0.2157 0.0104359 0.995524 1.89086e-10 1.83039e-05
0.2159 0.0104379 0.995521 1.89651e-10 1.87014e-05
0.2161 0.0104399 0.995517 1.90337e-10 1.91216e-05
0.2163 0.010442 0.995513 1.91472e-10 1.95586e-05
0.2165 0.010444 0.995509 1.92198e-10 2.00074e-05
0.2167 0.0104461 0.995506 1.87869e-10 1.79451e-05
0.2169 0.0104481 0.995502 1.92079e-10 1.94283e-05
0.2171 0.0104501 0.995498 1.94224e-10 1.98134e-05
0.2173 0.0104522 0.995495 1.94542e-10 1.99808e-05
0.2175 0.0104542 0.995491 1.93442e-10 2.00554e-05
0.2177 0.0104563 0.995487 1.95154e-10 2.04907e-05
0.2179 0.0104583 0.995484 1.93696e-10 2.05778e-05
0.2181 0.0104603 0.99548 1.95447e-10 2.08608e-05
0.2183 0.0104624 0.995476 1.95201e-10 2.11471e-05
0.2185 0.0104644 0.995473 1.95173e-10 2.14808e-05
0.2187 0.0104664 0.995469 1.89922e-10 1.84283e-05
0.2189 0.0104685 0.995465 1.90959e-10 1.82886e-05
0.2191 0.0104705 0.995462 1.88742e-10 1.73745e-05
0.2193 0.0104725 0.995458 1.89305e-10 1.76663e-05
0.2195 0.0104745 0.995454 1.89459e-10 1.76873e-05
0.2197 0.0104766 0.995451 1.88928e-10 1.7743e-05
0.2199 0.0104786 0.995447 1.88856e-10 1.78351e-05
0.2201 0.0104806 0.995443 1.89508e-10 1.79676e-05
0.2203 0.0104827 0.99544 1.9158e-10 1.84446e-05
0.2205 0.0104847 0.995436 1.91997e-10 1.85932e-05
0.2207 0.0104867 0.995432 1.91476e-10 1.89571e-05
0.2209 0.0104887 0.995429 1.93828e-10 1.92012e-05
0.2211 0.0104907 0.995425 1.93777e-10 1.93949e-05
0.2213 0.0104928 0.995421 1.95206e-10 1.9644e-05
0.2215 0.0104948 0.995418 1.96693e-10 1.99388e-05
0.2217 0.0104968 0.995414 1.96927e-10 2.02415e-05
0.2219 0.0104988 0.99541 1.97835e-10 2.05712e-05
0.2221 0.0105009 0.995407 2.00114e-10 2.09212e-05
0.2223 0.0105029 0.995403 2.0034e-10 2.1285e-05
0.2225 0.0105049 0.9954 1.99457e-10 2.16485e-05
0.2227 0.0105069 0.995396 2.04063e-10 2.05554e-05
0.2229 0.0105089 0.995392 2.02794e-10 2.06698e-05
0.2231 0.0105109 0.995389 2.03957e-10 2.1015e-05
0.2233 0.0105129 0.995385 2.04579e-10 2.13741e-05
0.2235 0.010515 0.995381 2.08212e-10 2.23545e-05
0.2237 0.010517 0.995378 2.09865e-10 2.28788e-05
0.2239 0.010519 0.995374 2.10505e-10 2.33325e-05
0.2241 0.010521 0.99537 2.1126e-10 2.36145e-05
0.2243 0.010523 0.995367 2.14049e-10 2.43285e-05
0.2245 0.010525 0.995363 2.14477e-10 2.47761e-05
0.2247 0.010527 0.99536 2.15349e-10 2.52647e-05
0.2249 0.010529 0.995356 2.15054e-10 2.50755e-05
0.2251 0.010531 0.995352 2.16866e-10 2.56592e-05
0.2253 0.0105331 0.995349 2.19761e-10 2.66498e-05
0.2255 0.0105351 0.995345 2.19389e-10 2.70289e-05
0.2257 0.0105371 0.995341 2.19955e-10 2.74481e-05
0.2259 0.0105391 0.995338 2.21111e-10 2.78623e-05
0.2261 0.0105411 0.995334 2.26936e-10 2.9028e-05
0.2263 0.0105431 0.995331 2.25389e-10 2.8841e-05
0.2265 0.0105451 0.995327 2.22731e-10 2.69107e-05
0.2267 0.0105471 0.995323 2.2374e-10 2.70685e-05
0.2269 0.0105491 0.99532 2.25761e-10 2.71721e-05
0.2271 0.0105511 0.995316 2.25801e-10 2.73201e-05
0.2273 0.0105531 0.995312 2.27646e-10 2.74269e-05
0.2275 0.0105551 0.995309 2.25309e-10 2.71352e-05
0.2277 0.0105571 0.995305 2.27827e-10 2.74212e-05
0.2279 0.0105591 0.995302 2.26822e-10 2.73622e-05
0.2281 0.0105611 0.995298 2.28382e-10 2.75619e-05
0.2283 0.0105631 0.995294 2.27052e-10 2.75884e-05
0.2285 0.0105651 0.995291 2.26328e-10 2.76335e-05
0.2287 0.0105671 0.995287 2.27511e-10 2.76995e-05
0.2289 0.0105691 0.995284 2.26828e-10 2.77872e-05
0.2291 0.010571 0.99528 2.27065e-10 2.78969e-05
0.2293 0.010573 0.995276 2.22423e-10 2.61313e-05
0.2295 0.010575 0.995273 2.24482e-10 2.66457e-05
0.2297 0.010577 0.995269 2.26881e-10 2.68317e-05
0.2299 0.010579 0.995266 2.25441e-10 2.63767e-05
0.2301 0.010581 0.995262 2.25934e-10 2.65251e-05
0.2303 0.010583 0.995258 2.26233e-10 2.66564e-05
0.2305 0.010585 0.995255 2.26795e-10 2.66897e-05
0.2307 0.010587 0.995251 2.25664e-10 2.67358e-05
0.2309 0.010589 0.995248 2.26101e-10 2.6808e-05
0.2311 0.0105909 0.995244 2.26902e-10 2.68839e-05
0.2313 0.0105929 0.99524 2.2685e-10 2.69888e-05
0.2315 0.0105949 0.995237 2.26683e-10 2.70195e-05
0.2317 0.0105969 0.995233 2.2899e-10 2.75976e-05
0.2319 0.0105989 0.99523 2.26189e-10 2.60219e-05
0.2321 0.0106009 0.995226 2.27703e-10 2.61586e-05
0.2323 0.0106028 0.995222 2.26793e-10 2.6057e-05
0.2325 0.0106048 0.995219 2.27023e-10 2.60252e-05
0.2327 0.0106068 0.995215 2.30419e-10 2.74735e-05
0.2329 0.0106088 0.995212 2.29789e-10 2.73246e-05
0.2331 0.0106107 0.995208 2.28791e-10 2.72255e-05
0.2333 0.0106127 0.995205 2.31035e-10 2.66071e-05
0.2335 0.0106147 0.995201 2.25365e-10 2.57001e-05
0.2337 0.0106167 0.995197 2.31217e-10 2.61195e-05
0.2339 0.0106187 0.995194 2.30222e-10 2.6001e-05
0.2341 0.0106206 0.99519 2.23949e-10 2.30164e-05
0.2343 0.0106226 0.995187 2.25525e-10 2.28373e-05
0.2345 0.0106246 0.995183 2.23248e-10 2.25402e-05
0.2347 0.0106265 0.99518 2.24112e-10 2.2489e-05
0.2349 0.0106285 0.995176 2.25157e-10 2.23824e-05
0.2351 0.0106305 0.995172 2.25193e-10 2.22884e-05
0.2353 0.0106325 0.995169 2.24793e-10 2.21793e-05
0.2355 0.0106344 0.995165 2.25044e-10 2.20995e-05
0.2357 0.0106364 0.995162 2.24591e-10 2.20474e-05
0.2359 0.0106384 0.995158 2.24677e-10 2.20218e-05
0.2361 0.0106403 0.995155 2.25508e-10 2.22034e-05
0.2363 0.0106423 0.995151 2.25452e-10 2.21832e-05
0.2365 0.0106443 0.995147 2.22134e-10 2.09e-05
0.2367 0.0106462 0.995144 2.21966e-10 2.11247e-05
0.2369 0.0106482 0.99514 2.22149e-10 2.10745e-05
0.2371 0.0106501 0.995137 2.2148e-10 2.10637e-05
0.2373 0.0106521 0.995133 2.20196e-10 2.10952e-05
0.2375 0.0106541 0.99513 2.1663e-10 1.97706e-05
0.2377 0.010656 0.995126 2.17007e-10 1.99164e-05
0.2379 0.010658 0.995123 2.16997e-10 1.99839e-05
0.2381 0.0106599 0.995119 2.17065e-10 2.01071e-05
0.2383 0.0106619 0.995116 2.1717e-10 2.05469e-05
0.2385 0.0106639 0.995112 2.18125e-10 2.08756e-05
0.2387 0.0106658 0.995108 2.18062e-10 2.09941e-05
0.2389 0.0106678 0.995105 2.19804e-10 2.12471e-05
0.2391 0.0106697 0.995101 2.18387e-10 2.12628e-05
0.2393 0.0106717 0.995098 2.20207e-10 2.15184e-05
0.2395 0.0106736 0.995094 2.20405e-10 2.17772e-05
0.2397 0.0106756 0.995091 2.20264e-10 2.19814e-05
0.2399 0.0106775 0.995087 2.19413e-10 2.22067e-05
0.2401 0.0106795 0.995084 2.13316e-10 1.81689e-05
0.2403 0.0106814 0.99508 2.13984e-10 1.82212e-05
0.2405 0.0106834 0.995077 2.13891e-10 1.82998e-05
0.2407 0.0106853 0.995073 2.13213e-10 1.83989e-05
0.2409 0.0106873 0.99507 2.13009e-10 1.85163e-05
0.2411 0.0106892 0.995066 2.12865e-10 1.86508e-05
0.2413 0.0106912 0.995062 2.08322e-10 1.58968e-05
0.2415 0.0106931 0.995059 2.13717e-10 1.70602e-05
0.2417 0.0106951 0.995055 2.12613e-10 1.71196e-05
0.2419 0.010697 0.995052 2.13803e-10 1.722e-05
0.2421 0.010699 0.995048 2.13302e-10 1.73904e-05
0.2423 0.0107009 0.995045 2.1361e-10 1.76085e-05
0.2425 0.0107028 0.995041 2.14728e-10 1.78694e-05
0.2427 0.0107048 0.995038 2.1506e-10 1.81895e-05
0.2429 0.0107067 0.995034 2.17204e-10 1.89341e-05
0.2431 0.0107087 0.995031 2.20929e-10 1.97735e-05
0.2433 0.0107106 0.995027 2.21321e-10 2.00804e-05
0.2435 0.0107125 0.995024 2.1664e-10 1.83063e-05
0.2437 0.0107145 0.99502 2.20654e-10 1.91244e-05
0.2439 0.0107164 0.995017 2.21894e-10 1.92478e-05
0.2441 0.0107183 0.995013 2.22142e-10 1.94303e-05
0.2443 0.0107203 0.99501 2.22393e-10 1.96567e-05
0.2445 0.0107222 0.995006 2.23109e-10 1.99197e-05
0.2447 0.0107241 0.995003 2.23669e-10 2.02107e-05
0.2449 0.0107261 0.994999 2.23441e-10 2.05217e-05
0.2451 0.010728 0.994996 2.24182e-10 2.08466e-05
0.2453 0.0107299 0.994992 2.22637e-10 2.11789e-05
0.2455 0.0107319 0.994989 2.24499e-10 2.15152e-05
0.2457 0.0107338 0.994985 2.24275e-10 2.18517e-05
0.2459 0.0107357 0.994982 2.25286e-10 2.21884e-05
0.2461 0.0107376 0.994978 2.29583e-10 2.30052e-05
0.2463 0.0107396 0.994975 2.31159e-10 2.33467e-05
0.2465 0.0107415 0.994971 2.33447e-10 2.39363e-05
0.2467 0.0107434 0.994968 2.33163e-10 2.41163e-05
0.2469 0.0107453 0.994964 2.36311e-10 2.48967e-05
0.2471 0.0107473 0.994961 2.35605e-10 2.49368e-05
0.2473 0.0107492 0.994957 2.3011e-10 2.2447e-05
0.2475 0.0107511 0.994954 2.28958e-10 2.20707e-05
0.2477 0.010753 0.99495 2.19316e-10 1.77736e-05
0.2479 0.010755 0.994947 2.21266e-10 1.80052e-05
0.2481 0.0107569 0.994943 2.2083e-10 1.78358e-05
0.2483 0.0107588 0.99494 2.20312e-10 1.77247e-05
0.2485 0.0107607 0.994936 2.21075e-10 1.80614e-05
0.2487 0.0107626 0.994933 2.20763e-10 1.79295e-05
0.2489 0.0107646 0.994929 2.19772e-10 1.78482e-05
0.2491 0.0107665 0.994926 2.15787e-10 1.64145e-05
0.2493 0.0107684 0.994922 2.19291e-10 1.72084e-05
0.2495 0.0107703 0.994919 2.20108e-10 1.72032e-05
0.2497 0.0107722 0.994916 2.20417e-10 1.76783e-05
0.2499 0.0107741 0.994912 2.21169e-10 1.71562e-05
0.2501 0.010776 0.994909 2.22642e-10 1.73338e-05
0.2503 0.010778 0.994905 2.22219e-10 1.7495e-05
0.2505 0.0107799 0.994902 2.2357e-10 1.77288e-05
0.2507 0.0107818 0.994898 2.24669e-10 1.80325e-05
0.2509 0.0107837 0.994895 2.21668e-10 1.74426e-05
0.2511 0.0107856 0.994891 2.23882e-10 1.8125e-05
0.2513 0.0107875 0.994888 2.24478e-10 1.86949e-05
0.2515 0.0107894 0.994884 2.27177e-10 1.91915e-05
0.2517 0.0107913 0.994881 2.2859e-10 1.97698e-05
0.2519 0.0107932 0.994877 2.28609e-10 2.02526e-05
0.2521 0.0107951 0.994874 2.23782e-10 1.83854e-05
0.2523 0.010797 0.99487 2.26627e-10 1.91551e-05
0.2525 0.0107989 0.994867 2.27406e-10 1.94698e-05
0.2527 0.0108008 0.994864 2.2751e-10 1.97541e-05
0.2529 0.0108027 0.99486 2.28562e-10 2.01376e-05
0.2531 0.0108046 0.994857 2.26807e-10 1.99188e-05
0.2533 0.0108065 0.994853 2.27375e-10 2.04114e-05
0.2535 0.0108084 0.99485 2.29033e-10 2.0617e-05
0.2537 0.0108103 0.994846 2.29075e-10 2.0812e-05
0.2539 0.0108122 0.994843 2.29607e-10 2.1015e-05
0.2541 0.0108141 0.994839 2.296e-10 2.12258e-05
0.2543 0.010816 0.994836 2.29138e-10 2.14619e-05
0.2545 0.0108179 0.994833 2.31647e-10 2.1701e-05
0.2547 0.0108198 0.994829 2.31683e-10 2.19348e-05
0.2549 0.0108217 0.994826 2.34016e-10 2.26361e-05
0.2551 0.0108236 0.994822 2.34682e-10 2.28002e-05
0.2553 0.0108255 0.994819 2.34195e-10 2.29139e-05
0.2555 0.0108274 0.994815 2.36437e-10 2.31879e-05
0.2557 0.0108293 0.994812 2.37389e-10 2.33767e-05
0.2559 0.0108312 0.994808 2.36339e-10 2.35596e-05
0.2561 0.0108331 0.994805 2.30698e-10 2.1052e-05
0.2563 0.010835 0.994802 2.33303e-10 2.15655e-05
0.2565 0.0108368 0.994798 2.34376e-10 2.17743e-05
0.2567 0.0108387 0.994795 2.31276e-10 1.88356e-05
0.2569 0.0108406 0.994791 2.30616e-10 1.88086e-05
0.2571 0.0108425 0.994788 2.29669e-10 1.88083e-05
0.2573 0.0108444 0.994784 2.29093e-10 1.87865e-05
0.2575 0.0108463 0.994781 2.26612e-10 1.7397e-05
0.2577 0.0108482 0.994778 2.26663e-10 1.73796e-05
0.2579 0.01085 0.994774 2.2435e-10 1.53908e-05
0.2581 0.0108519 0.994771 2.23837e-10 1.53673e-05
0.2583 0.0108538 0.994767 2.24897e-10 1.52912e-05
0.2585 0.0108557 0.994764 2.24772e-10 1.53512e-05
0.2587 0.0108576 0.994761 2.27311e-10 1.59153e-05
0.2589 0.0108595 0.994757 2.30932e-10 1.65784e-05
0.2591 0.0108613 0.994754 2.32703e-10 1.82232e-05
0.2593 0.0108632 0.99475 2.32824e-10 1.84164e-05
0.2595 0.0108651 0.994747 2.34377e-10 1.8676e-05
0.2597 0.010867 0.994743 2.35262e-10 1.89957e-05
0.2599 0.0108688 0.99474 2.35762e-10 1.89472e-05
0.2601 0.0108707 0.994737 2.3673e-10 1.9601e-05
0.2603 0.0108726 0.994733 2.38789e-10 1.99801e-05
0.2605 0.0108745 0.99473 2.37918e-10 2.03875e-05
0.2607 0.0108763 0.994726 2.42084e-10 2.12282e-05
0.2609 0.0108782 0.994723 2.44891e-10 2.22448e-05
0.2611 0.0108801 0.99472 2.4753e-10 2.2665e-05
0.2613 0.010882 0.994716 2.49527e-10 2.31283e-05
0.2615 0.0108838 0.994713 2.50119e-10 2.34393e-05
0.2617 0.0108857 0.994709 2.51319e-10 2.37592e-05
0.2619 0.0108876 0.994706 2.53067e-10 2.40836e-05
0.2621 0.0108894 0.994703 2.52898e-10 2.44105e-05
0.2623 0.0108913 0.994699 2.5547e-10 2.4734e-05
0.2625 0.0108932 0.994696 2.51189e-10 2.36836e-05
0.2627 0.010895 0.994692 2.48042e-10 2.04818e-05
0.2629 0.0108969 0.994689 2.44139e-10 1.90259e-05
0.2631 0.0108988 0.994686 2.43812e-10 1.87881e-05
0.2633 0.0109006 0.994682 2.44679e-10 1.88792e-05
0.2635 0.0109025 0.994679 2.44235e-10 1.88475e-05
0.2637 0.0109043 0.994676 2.43991e-10 1.88292e-05
0.2639 0.0109062 0.994672 2.44213e-10 1.88263e-05
0.2641 0.0109081 0.994669 2.42786e-10 1.88705e-05
0.2643 0.0109099 0.994665 2.45022e-10 1.91533e-05
0.2645 0.0109118 0.994662 2.44674e-10 1.91819e-05
0.2647 0.0109136 0.994659 2.44653e-10 1.92349e-05
0.2649 0.0109155 0.994655 2.47022e-10 1.93405e-05
0.2651 0.0109174 0.994652 2.47863e-10 1.94638e-05
0.2653 0.0109192 0.994649 2.48759e-10 1.95948e-05
0.2655 0.0109211 0.994645 2.48511e-10 1.97539e-05
0.2657 0.0109229 0.994642 2.47341e-10 1.99385e-05
0.2659 0.0109248 0.994638 2.48689e-10 2.01479e-05
0.2661 0.0109266 0.994635 2.47711e-10 2.03794e-05
0.2663 0.0109285 0.994632 2.47345e-10 2.06304e-05
0.2665 0.0109303 0.994628 2.47646e-10 2.08985e-05
0.2667 0.0109322 0.994625 2.47554e-10 2.11811e-05
0.2669 0.010934 0.994622 2.4002e-10 1.79456e-05
0.2671 0.0109359 0.994618 2.46707e-10 1.92615e-05
0.2673 0.0109377 0.994615 2.46552e-10 1.94204e-05
0.2675 0.0109396 0.994611 2.44864e-10 1.86104e-05
0.2677 0.0109414 0.994608 2.43586e-10 1.87155e-05
0.2679 0.0109433 0.994605 2.49757e-10 1.96709e-05
0.2681 0.0109451 0.994601 2.51452e-10 2.08598e-05
0.2683 0.010947 0.994598 2.52665e-10 2.1205e-05
0.2685 0.0109488 0.994595 2.50782e-10 2.11174e-05
0.2687 0.0109507 0.994591 2.54669e-10 2.2189e-05
0.2689 0.0109525 0.994588 2.56631e-10 2.25621e-05
0.2691 0.0109543 0.994585 2.56024e-10 2.28333e-05
0.2693 0.0109562 0.994581 2.56774e-10 2.31207e-05
0.2695 0.010958 0.994578 2.56799e-10 2.34391e-05
0.2697 0.0109599 0.994575 2.59104e-10 2.37806e-05
0.2699 0.0109617 0.994571 2.56835e-10 2.32009e-05
0.2701 0.0109635 0.994568 2.59307e-10 2.37002e-05
0.2703 0.0109654 0.994565 2.52877e-10 2.07242e-05
0.2705 0.0109672 0.994561 2.54009e-10 2.05332e-05
0.2707 0.0109691 0.994558 2.54044e-10 2.03048e-05
0.2709 0.0109709 0.994555 2.56028e-10 2.08644e-05
0.2711 0.0109727 0.994551 2.56672e-10 2.09894e-05
0.2713 0.0109746 0.994548 2.57221e-10 2.1139e-05
0.2715 0.0109764 0.994545 2.60415e-10 2.12939e-05
0.2717 0.0109782 0.994541 2.59006e-10 2.13089e-05
0.2719 0.0109801 0.994538 2.60765e-10 2.1575e-05
0.2721 0.0109819 0.994535 2.59916e-10 2.14412e-05
0.2723 0.0109837 0.994531 2.61593e-10 2.19119e-05
0.2725 0.0109855 0.994528 2.62599e-10 2.25876e-05
0.2727 0.0109874 0.994525 2.62277e-10 2.25438e-05
0.2729 0.0109892 0.994521 2.61696e-10 2.25399e-05
0.2731 0.010991 0.994518 2.63247e-10 2.25785e-05
0.2733 0.0109929 0.994515 2.63782e-10 2.27807e-05
0.2735 0.0109947 0.994511 2.56415e-10 1.80926e-05
0.2737 0.0109965 0.994508 2.59486e-10 1.8718e-05
0.2739 0.0109983 0.994505 2.56644e-10 1.76793e-05
0.2741 0.0110002 0.994501 2.57013e-10 1.78487e-05
0.2743 0.011002 0.994498 2.56804e-10 1.7902e-05
0.2745 0.0110038 0.994495 2.56373e-10 1.82117e-05
0.2747 0.0110056 0.994491 2.59569e-10 1.83471e-05
0.2749 0.0110075 0.994488 2.59216e-10 1.8534e-05
0.2751 0.0110093 0.994485 2.60234e-10 1.87701e-05
0.2753 0.0110111 0.994481 2.60686e-10 1.90531e-05
0.2755 0.0110129 0.994478 2.5898e-10 1.93268e-05
0.2757 0.0110147 0.994475 2.6359e-10 1.98007e-05
0.2759 0.0110165 0.994471 2.64862e-10 2.03603e-05
0.2761 0.0110184 0.994468 2.6501e-10 2.07966e-05
0.2763 0.0110202 0.994465 2.61913e-10 1.9191e-05
0.2765 0.011022 0.994462 2.64323e-10 2.01195e-05
0.2767 0.0110238 0.994458 2.65333e-10 2.05028e-05
0.2769 0.0110256 0.994455 2.66388e-10 2.09128e-05
0.2771 0.0110274 0.994452 2.67632e-10 2.13985e-05
0.2773 0.0110292 0.994448 2.69834e-10 2.18646e-05
0.2775 0.0110311 0.994445 2.70214e-10 2.2212e-05
0.2777 0.0110329 0.994442 2.70456e-10 2.25758e-05
0.2779 0.0110347 0.994438 2.71801e-10 2.2962e-05
0.2781 0.0110365 0.994435 2.70703e-10 2.21936e-05
0.2783 0.0110383 0.994432 2.74651e-10 2.27988e-05
0.2785 0.0110401 0.994429 2.74898e-10 2.30774e-05
0.2787 0.0110419 0.994425 2.73692e-10 2.33279e-05
0.2789 0.0110437 0.994422 2.77259e-10 2.39923e-05
0.2791 0.0110455 0.994419 2.78924e-10 2.42418e-05
0.2793 0.0110473 0.994415 2.78478e-10 2.44482e-05
0.2795 0.0110491 0.994412 2.79078e-10 2.46609e-05
0.2797 0.0110509 0.994409 2.747e-10 2.2607e-05
0.2799 0.0110527 0.994406 2.74133e-10 2.29023e-05
0.2801 0.0110545 0.994402 2.7455e-10 2.3085e-05
0.2803 0.0110563 0.994399 2.72742e-10 2.30773e-05
0.2805 0.0110581 0.994396 2.75489e-10 2.41909e-05
0.2807 0.0110599 0.994392 2.71986e-10 2.1841e-05
0.2809 0.0110617 0.994389 2.73298e-10 2.20489e-05
0.2811 0.0110635 0.994386 2.74025e-10 2.2083e-05
0.2813 0.0110653 0.994383 2.74563e-10 2.21341e-05
0.2815 0.0110671 0.994379 2.76571e-10 2.22417e-05
0.2817 0.0110689 0.994376 2.79769e-10 2.27093e-05
0.2819 0.0110707 0.994373 2.80505e-10 2.29228e-05
0.2821 0.0110725 0.99437 2.81957e-10 2.29519e-05
0.2823 0.0110743 0.994366 2.81145e-10 2.29961e-05
0.2825 0.0110761 0.994363 2.71461e-10 1.92373e-05
0.2827 0.0110779 0.99436 2.72397e-10 1.91686e-05
0.2829 0.0110797 0.994356 2.71366e-10 1.91442e-05
0.2831 0.0110815 0.994353 2.69085e-10 1.76578e-05
0.2833 0.0110833 0.99435 2.69091e-10 1.76533e-05
0.2835 0.0110851 0.994347 2.7026e-10 1.75647e-05
0.2837 0.0110869 0.994343 2.6922e-10 1.7504e-05
0.2839 0.0110886 0.99434 2.67031e-10 1.74723e-05
0.2841 0.0110904 0.994337 2.69717e-10 1.74708e-05
0.2843 0.0110922 0.994334 2.68121e-10 1.7501e-05
0.2845 0.011094 0.99433 2.68196e-10 1.75644e-05
0.2847 0.0110958 0.994327 2.67369e-10 1.76617e-05
0.2849 0.0110976 0.994324 2.67103e-10 1.77928e-05
0.2851 0.0110994 0.994321 2.67931e-10 1.7958e-05
0.2853 0.0111011 0.994317 2.68256e-10 1.81565e-05
0.2855 0.0111029 0.994314 2.70229e-10 1.84133e-05
0.2857 0.0111047 0.994311 2.71582e-10 1.95079e-05
0.2859 0.0111065 0.994308 2.75115e-10 1.96964e-05
0.2861 0.0111083 0.994304 2.74168e-10 1.99089e-05
0.2863 0.01111 0.994301 2.79325e-10 2.06061e-05
0.2865 0.0111118 0.994298 2.81315e-10 2.1778e-05
0.2867 0.0111136 0.994295 2.74712e-10 1.86805e-05
0.2869 0.0111154 0.994291 2.76655e-10 1.86483e-05
0.2871 0.0111172 0.994288 2.76878e-10 1.88871e-05
0.2873 0.0111189 0.994285 2.78306e-10 1.89439e-05
0.2875 0.0111207 0.994282 2.77936e-10 1.90134e-05
0.2877 0.0111225 0.994279 2.76411e-10 1.91179e-05
0.2879 0.0111243 0.994275 2.78262e-10 1.925e-05
0.2881 0.011126 0.994272 2.75632e-10 1.88868e-05
0.2883 0.0111278 0.994269 2.80572e-10 1.94267e-05
0.2885 0.0111296 0.994266 2.80333e-10 1.95473e-05
0.2887 0.0111313 0.994262 2.78264e-10 1.98335e-05
0.2889 0.0111331 0.994259 2.79308e-10 1.99902e-05
0.2891 0.0111349 0.994256 2.79113e-10 2.01682e-05
0.2893 0.0111366 0.994253 2.79591e-10 2.03669e-05
0.2895 0.0111384 0.994249 2.78499e-10 2.06421e-05
0.2897 0.0111402 0.994246 2.83208e-10 2.1209e-05
0.2899 0.0111419 0.994243 2.79973e-10 2.03885e-05
0.2901 0.0111437 0.99424 2.81935e-10 2.07682e-05
0.2903 0.0111455 0.994237 2.82951e-10 2.10387e-05
0.2905 0.0111472 0.994233 2.81656e-10 2.10092e-05
0.2907 0.011149 0.99423 2.83427e-10 2.14598e-05
0.2909 0.0111508 0.994227 2.78847e-10 2.03344e-05
0.2911 0.0111525 0.994224 2.84049e-10 2.11749e-05
0.2913 0.0111543 0.994221 2.84734e-10 2.1438e-05
0.2915 0.0111561 0.994217 2.84599e-10 2.17362e-05
0.2917 0.0111578 0.994214 2.87665e-10 2.20399e-05
0.2919 0.0111596 0.994211 2.84172e-10 2.1371e-05
0.2921 0.0111613 0.994208 2.90243e-10 2.24401e-05
0.2923 0.0111631 0.994204 2.92756e-10 2.33437e-05
0.2925 0.0111648 0.994201 2.92203e-10 2.29876e-05
0.2927 0.0111666 0.994198 2.96246e-10 2.36573e-05
0.2929 0.0111684 0.994195 2.97786e-10 2.4106e-05
0.2931 0.0111701 0.994192 2.97044e-10 2.43293e-05
0.2933 0.0111719 0.994188 2.96649e-10 2.28129e-05
0.2935 0.0111736 0.994185 2.97479e-10 2.30227e-05
0.2937 0.0111754 0.994182 2.90278e-10 1.97619e-05
0.2939 0.0111771 0.994179 2.90095e-10 1.91129e-05
0.2941 0.0111789 0.994176 2.89222e-10 1.93222e-05
0.2943 0.0111806 0.994173 2.89133e-10 1.94814e-05
0.2945 0.0111824 0.994169 2.90938e-10 1.96626e-05
0.2947 0.0111841 0.994166 2.85532e-10 1.66947e-05
0.2949 0.0111859 0.994163 2.85786e-10 1.76039e-05
0.2951 0.0111876 0.99416 2.89973e-10 1.75963e-05
0.2953 0.0111894 0.994157 2.85727e-10 1.61692e-05
0.2955 0.0111911 0.994153 2.84382e-10 1.66531e-05
0.2957 0.0111929 0.99415 2.84817e-10 1.66448e-05
0.2959 0.0111946 0.994147 2.84306e-10 1.66792e-05
0.2961 0.0111964 0.994144 2.84086e-10 1.6758e-05
0.2963 0.0111981 0.994141 2.84585e-10 1.68825e-05
0.2965 0.0111999 0.994137 2.85749e-10 1.7079e-05
0.2967 0.0112016 0.994134 2.91836e-10 1.86605e-05
0.2969 0.0112033 0.994131 2.92464e-10 1.89839e-05
0.2971 0.0112051 0.994128 2.93581e-10 1.91658e-05
0.2973 0.0112068 0.994125 2.94348e-10 1.9401e-05
0.2975 0.0112086 0.994122 2.94651e-10 1.96845e-05
0.2977 0.0112103 0.994118 2.9615e-10 2.01421e-05
0.2979 0.011212 0.994115 2.96887e-10 2.02076e-05
0.2981 0.0112138 0.994112 2.98242e-10 2.06165e-05
0.2983 0.0112155 0.994109 3.00984e-10 2.10799e-05
0.2985 0.0112172 0.994106 3.03044e-10 2.14305e-05
0.2987 0.011219 0.994103 3.06137e-10 2.1798e-05
0.2989 0.0112207 0.994099 3.01283e-10 2.06531e-05
0.2991 0.0112225 0.994096 3.05776e-10 2.16122e-05
0.2993 0.0112242 0.994093 3.03027e-10 2.02424e-05
0.2995 0.0112259 0.99409 3.0454e-10 2.07688e-05
0.2997 0.0112277 0.994087 3.04966e-10 2.10439e-05
0.2999 0.0112294 0.994084 3.06204e-10 2.13391e-05
0.3001 0.0112311 0.99408 3.07016e-10 2.16566e-05
0.3003 0.0112328 0.994077 3.06188e-10 2.19905e-05
0.3005 0.0112346 0.994074 3.09817e-10 2.24337e-05
0.3007 0.0112363 0.994071 3.09565e-10 2.27969e-05
0.3009 0.011238 0.994068 3.11288e-10 2.31738e-05
0.3011 0.0112398 0.994065 3.1088e-10 2.36813e-05
0.3013 0.0112415 0.994062 3.03891e-10 2.02739e-05
0.3015 0.0112432 0.994058 3.05901e-10 2.05384e-05
0.3017 0.0112449 0.994055 3.08611e-10 2.08176e-05
0.3019 0.0112467 0.994052 3.07454e-10 2.11187e-05
0.3021 0.0112484 0.994049 3.03764e-10 1.97288e-05
0.3023 0.0112501 0.994046 3.09195e-10 2.04854e-05
0.3025 0.0112518 0.994043 3.09564e-10 2.06924e-05
0.3027 0.0112536 0.99404 3.10543e-10 2.09156e-05
0.3029 0.0112553 0.994036 3.10206e-10 2.11507e-05
0.3031 0.011257 0.994033 3.07913e-10 2.14022e-05
0.3033 0.0112587 0.99403 3.11847e-10 2.18371e-05
0.3035 0.0112604 0.994027 3.04273e-10 1.89598e-05
0.3037 0.0112622 0.994024 3.05887e-10 1.91891e-05
0.3039 0.0112639 0.994021 3.05539e-10 1.80551e-05
0.3041 0.0112656 0.994018 3.09992e-10 1.87334e-05
0.3043 0.0112673 0.994014 3.0649e-10 1.73785e-05
0.3045 0.011269 0.994011 3.08068e-10 1.7619e-05
0.3047 0.0112707 0.994008 3.07423e-10 1.78203e-05
0.3049 0.0112725 0.994005 3.06451e-10 1.80838e-05
0.3051 0.0112742 0.994002 3.11734e-10 1.87643e-05
0.3053 0.0112759 0.993999 3.10774e-10 1.91797e-05
0.3055 0.0112776 0.993996 3.0869e-10 1.94231e-05
0.3057 0.0112793 0.993993 3.11471e-10 1.96901e-05
0.3059 0.011281 0.993989 3.12167e-10 2.00206e-05
0.3061 0.0112827 0.993986 3.17234e-10 2.1339e-05
0.3063 0.0112844 0.993983 3.14924e-10 2.16462e-05
0.3065 0.0112861 0.99398 3.11935e-10 1.93704e-05
0.3067 0.0112879 0.993977 3.13089e-10 1.98281e-05
0.3069 0.0112896 0.993974 3.1329e-10 2.00366e-05
0.3071 0.0112913 0.993971 3.1472e-10 2.02707e-05
0.3073 0.011293 0.993968 3.15829e-10 2.05259e-05
0.3075 0.0112947 0.993965 3.15846e-10 2.07983e-05
0.3077 0.0112964 0.993961 3.16795e-10 2.10841e-05
0.3079 0.0112981 0.993958 3.17659e-10 2.13801e-05
0.3081 0.0112998 0.993955 3.17858e-10 2.16834e-05
0.3083 0.0113015 0.993952 3.1929e-10 2.19916e-05
0.3085 0.0113032 0.993949 3.19936e-10 2.23059e-05
0.3087 0.0113049 0.993946 3.214e-10 2.2618e-05
0.3089 0.0113066 0.993943 3.22136e-10 2.29411e-05
0.3091 0.0113083 0.99394 3.20784e-10 2.32903e-05
0.3093 0.01131 0.993937 3.24821e-10 2.35749e-05
0.3095 0.0113117 0.993933 3.24709e-10 2.38591e-05
0.3097 0.0113134 0.99393 3.25309e-10 2.41452e-05
0.3099 0.0113151 0.993927 3.26075e-10 2.44339e-05
0.3101 0.0113168 0.993924 3.27114e-10 2.469e-05
0.3103 0.0113185 0.993921 3.2007e-10 2.19155e-05
0.3105 0.0113202 0.993918 3.1945e-10 2.17163e-05
0.3107 0.0113219 0.993915 3.19065e-10 2.07081e-05
0.3109 0.0113235 0.993912 3.22759e-10 2.1442e-05
0.3111 0.0113252 0.993909 3.19081e-10 2.1657e-05
0.3113 0.0113269 0.993906 3.16678e-10 2.17155e-05
0.3115 0.0113286 0.993903 3.18651e-10 2.17773e-05
0.3117 0.0113303 0.993899 3.21029e-10 2.18442e-05
0.3119 0.011332 0.993896 3.22537e-10 2.21441e-05
0.3121 0.0113337 0.993893 3.22595e-10 2.2201e-05
0.3123 0.0113354 0.99389 3.19201e-10 1.90566e-05
0.3125 0.0113371 0.993887 3.19783e-10 1.91242e-05
0.3127 0.0113388 0.993884 3.21306e-10 1.9023e-05
0.3129 0.0113404 0.993881 3.21351e-10 1.89536e-05
0.3131 0.0113421 0.993878 3.18372e-10 1.78556e-05
0.3133 0.0113438 0.993875 3.1632e-10 1.75548e-05
0.3135 0.0113455 0.993872 3.18769e-10 1.75669e-05
0.3137 0.0113472 0.993869 3.21411e-10 1.77581e-05
0.3139 0.0113489 0.993866 3.24919e-10 1.92434e-05
0.3141 0.0113505 0.993862 3.25035e-10 1.92488e-05
0.3143 0.0113522 0.993859 3.23455e-10 1.93764e-05
0.3145 0.0113539 0.993856 3.27697e-10 1.95473e-05
0.3147 0.0113556 0.993853 3.24198e-10 1.83404e-05
0.3149 0.0113573 0.99385 3.23784e-10 1.8152e-05
0.3151 0.0113589 0.993847 3.24974e-10 1.86557e-05
0.3153 0.0113606 0.993844 3.22947e-10 1.88743e-05
0.3155 0.0113623 0.993841 3.27659e-10 1.92607e-05
0.3157 0.011364 0.993838 3.27591e-10 1.96293e-05
0.3159 0.0113656 0.993835 3.29231e-10 2.00366e-05
0.3161 0.0113673 0.993832 3.32015e-10 2.04847e-05
0.3163 0.011369 0.993829 3.32129e-10 2.09447e-05
0.3165 0.0113707 0.993826 3.36112e-10 2.14454e-05
0.3167 0.0113723 0.993823 3.35111e-10 2.19211e-05
0.3169 0.011374 0.99382 3.40354e-10 2.31764e-05
0.3171 0.0113757 0.993817 3.40841e-10 2.34876e-05
0.3173 0.0113774 0.993813 3.41313e-10 2.32765e-05
0.3175 0.011379 0.99381 3.43689e-10 2.38486e-05
0.3177 0.0113807 0.993807 3.45699e-10 2.41337e-05
0.3179 0.0113824 0.993804 3.48023e-10 2.52936e-05
0.3181 0.011384 0.993801 3.46093e-10 2.54812e-05
0.3183 0.0113857 0.993798 3.48687e-10 2.56756e-05
0.3185 0.0113874 0.993795 3.4667e-10 2.55291e-05
0.3187 0.011389 0.993792 3.49675e-10 2.53222e-05
0.3189 0.0113907 0.993789 3.45069e-10 2.25328e-05
0.3191 0.0113924 0.993786 3.45376e-10 2.19595e-05
0.3193 0.011394 0.993783 3.45806e-10 2.19876e-05
0.3195 0.0113957 0.99378 3.44377e-10 2.19972e-05
0.3197 0.0113974 0.993777 3.45391e-10 2.20495e-05
0.3199 0.011399 0.993774 3.46956e-10 2.21904e-05
0.3201 0.0114007 0.993771 3.49655e-10 2.22685e-05
0.3203 0.0114023 0.993768 3.47631e-10 2.23069e-05
0.3205 0.011404 0.993765 3.44141e-10 1.93106e-05
0.3207 0.0114057 0.993762 3.39994e-10 1.92723e-05
0.3209 0.0114073 0.993759 3.38638e-10 1.77495e-05
0.3211 0.011409 0.993756 3.41595e-10 1.84287e-05
0.3213 0.0114106 0.993753 3.37186e-10 1.71497e-05
0.3215 0.0114123 0.99375 3.40014e-10 1.76859e-05
0.3217 0.011414 0.993747 3.37076e-10 1.74693e-05
0.3219 0.0114156 0.993744 3.38917e-10 1.76496e-05
0.3221 0.0114173 0.993741 3.38851e-10 1.78713e-05
0.3223 0.0114189 0.993738 3.3901e-10 1.80705e-05
0.3225 0.0114206 0.993735 3.40956e-10 1.86551e-05
0.3227 0.0114222 0.993732 3.36575e-10 1.74366e-05
0.3229 0.0114239 0.993729 3.35891e-10 1.73457e-05
0.3231 0.0114255 0.993725 3.36595e-10 1.75694e-05
0.3233 0.0114272 0.993722 3.37167e-10 1.78357e-05
0.3235 0.0114288 0.993719 3.36164e-10 1.81726e-05
0.3237 0.0114305 0.993716 3.39172e-10 1.91654e-05
0.3239 0.0114321 0.993713 3.42529e-10 1.9605e-05
0.3241 0.0114338 0.99371 3.45242e-10 2.03868e-05
0.3243 0.0114354 0.993707 3.48322e-10 2.07535e-05
0.3245 0.0114371 0.993704 3.47036e-10 2.0887e-05
0.3247 0.0114387 0.993701 3.51403e-10 2.16463e-05
0.3249 0.0114404 0.993698 3.45132e-10 1.92984e-05
0.3251 0.011442 0.993695 3.50973e-10 2.01858e-05
0.3253 0.0114437 0.993692 3.51881e-10 2.04341e-05
0.3255 0.0114453 0.993689 3.54892e-10 2.06772e-05
0.3257 0.0114469 0.993686 3.57213e-10 2.09952e-05
0.3259 0.0114486 0.993683 3.55778e-10 2.13208e-05
0.3261 0.0114502 0.99368 3.54637e-10 1.94902e-05
0.3263 0.0114519 0.993677 3.56731e-10 2.05593e-05
0.3265 0.0114535 0.993674 3.57893e-10 2.07417e-05
0.3267 0.0114552 0.993671 3.60584e-10 2.0968e-05
0.3269 0.0114568 0.993668 3.6288e-10 2.12173e-05
0.3271 0.0114584 0.993665 3.62388e-10 2.15328e-05
0.3273 0.0114601 0.993662 3.64553e-10 2.18231e-05
0.3275 0.0114617 0.993659 3.66875e-10 2.21717e-05
0.3277 0.0114633 0.993656 3.6743e-10 2.24221e-05
0.3279 0.011465 0.993653 3.67438e-10 2.26448e-05
0.3281 0.0114666 0.99365 3.62418e-10 1.99072e-05
0.3283 0.0114682 0.993647 3.609e-10 1.97449e-05
0.3285 0.0114699 0.993644 3.62847e-10 1.99515e-05
0.3287 0.0114715 0.993641 3.65423e-10 2.01854e-05
0.3289 0.0114731 0.993638 3.66689e-10 2.04392e-05
0.3291 0.0114748 0.993635 3.68047e-10 2.0448e-05
0.3293 0.0114764 0.993632 3.66795e-10 2.04166e-05
0.3295 0.011478 0.99363 3.66458e-10 2.00527e-05
0.3297 0.0114797 0.993627 3.63393e-10 2.01703e-05
0.3299 0.0114813 0.993624 3.66702e-10 2.03982e-05
0.3301 0.0114829 0.993621 3.67078e-10 2.06072e-05
0.3303 0.0114846 0.993618 3.66258e-10 2.08317e-05
0.3305 0.0114862 0.993615 3.67562e-10 2.12088e-05
0.3307 0.0114878 0.993612 3.6763e-10 2.14294e-05
0.3309 0.0114894 0.993609 3.67925e-10 2.16826e-05
0.3311 0.0114911 0.993606 3.70713e-10 2.21515e-05
0.3313 0.0114927 0.993603 3.70496e-10 2.2381e-05
0.3315 0.0114943 0.9936 3.66557e-10 1.92747e-05
0.3317 0.0114959 0.993597 3.67881e-10 1.94632e-05
0.3319 0.0114976 0.993594 3.61636e-10 1.91412e-05
0.3321 0.0114992 0.993591 3.59015e-10 1.84243e-05
0.3323 0.0115008 0.993588 3.5802e-10 1.83481e-05
0.3325 0.0115024 0.993585 3.54641e-10 1.83616e-05
0.3327 0.011504 0.993582 3.57927e-10 1.85923e-05
0.3329 0.0115057 0.993579 3.54957e-10 1.79272e-05
0.3331 0.0115073 0.993576 3.54611e-10 1.78663e-05
0.3333 0.0115089 0.993573 3.56536e-10 1.80194e-05
0.3335 0.0115105 0.99357 3.56529e-10 1.79491e-05
0.3337 0.0115121 0.993567 3.59997e-10 1.83447e-05
0.3339 0.0115138 0.993564 3.6245e-10 1.86845e-05
0.3341 0.0115154 0.993561 3.65205e-10 1.91428e-05
0.3343 0.011517 0.993558 3.65918e-10 1.94111e-05
0.3345 0.0115186 0.993555 3.67559e-10 1.97418e-05
0.3347 0.0115202 0.993552 3.66273e-10 1.92486e-05
0.3349 0.0115218 0.993549 3.69728e-10 1.95154e-05
0.3351 0.0115234 0.993547 3.71052e-10 1.98002e-05
0.3353 0.011525 0.993544 3.7302e-10 2.01269e-05
0.3355 0.0115267 0.993541 3.74437e-10 2.06353e-05
0.3357 0.0115283 0.993538 3.77545e-10 2.10098e-05
0.3359 0.0115299 0.993535 3.85791e-10 2.20815e-05
0.3361 0.0115315 0.993532 3.86757e-10 2.2615e-05
0.3363 0.0115331 0.993529 3.88588e-10 2.31399e-05
0.3365 0.0115347 0.993526 3.93969e-10 2.37138e-05
0.3367 0.0115363 0.993523 3.97382e-10 2.42731e-05
0.3369 0.0115379 0.99352 3.93439e-10 2.48408e-05
0.3371 0.0115395 0.993517 3.92107e-10 2.53048e-05
0.3373 0.0115411 0.993514 3.96083e-10 2.57725e-05
0.3375 0.0115427 0.993511 3.97748e-10 2.67538e-05
0.3377 0.0115443 0.993508 3.98108e-10 2.69096e-05
0.3379 0.0115459 0.993505 3.99997e-10 2.73998e-05
0.3381 0.0115475 0.993502 3.95663e-10 2.65087e-05
0.3383 0.0115491 0.9935 3.99586e-10 2.71839e-05
0.3385 0.0115507 0.993497 3.97781e-10 2.74948e-05
0.3387 0.0115523 0.993494 3.93847e-10 2.58841e-05
0.3389 0.0115539 0.993491 3.90867e-10 2.34606e-05
0.3391 0.0115555 0.993488 3.92452e-10 2.37488e-05
0.3393 0.0115571 0.993485 3.9248e-10 2.28247e-05
0.3395 0.0115587 0.993482 3.92361e-10 2.30506e-05
0.3397 0.0115603 0.993479 3.95303e-10 2.31498e-05
0.3399 0.0115619 0.993476 3.85341e-10 2.04854e-05
0.3401 0.0115635 0.993473 3.78099e-10 2.00744e-05
0.3403 0.0115651 0.99347 3.80512e-10 1.98557e-05
0.3405 0.0115667 0.993467 3.83297e-10 2.04817e-05
0.3407 0.0115683 0.993464 3.85071e-10 2.10672e-05
0.3409 0.0115699 0.993462 3.83379e-10 1.99658e-05
0.3411 0.0115715 0.993459 3.82072e-10 1.96206e-05
0.3413 0.0115731 0.993456 3.81266e-10 1.96966e-05
0.3415 0.0115747 0.993453 3.83601e-10 1.9864e-05
0.3417 0.0115763 0.99345 3.84054e-10 1.99998e-05
0.3419 0.0115779 0.993447 3.83337e-10 2.01457e-05
0.3421 0.0115795 0.993444 3.84578e-10 2.02973e-05
0.3423 0.0115811 0.993441 3.84737e-10 2.01581e-05
0.3425 0.0115826 0.993438 3.8547e-10 2.05348e-05
0.3427 0.0115842 0.993435 3.89315e-10 2.09998e-05
0.3429 0.0115858 0.993432 3.90185e-10 2.1297e-05
0.3431 0.0115874 0.99343 3.92043e-10 2.16446e-05
0.3433 0.011589 0.993427 3.91833e-10 2.1273e-05
0.3435 0.0115906 0.993424 3.90088e-10 2.10626e-05
0.3437 0.0115922 0.993421 3.90562e-10 2.11521e-05
0.3439 0.0115937 0.993418 3.93027e-10 2.14832e-05
0.3441 0.0115953 0.993415 3.94465e-10 2.17986e-05
0.3443 0.0115969 0.993412 3.95606e-10 2.21771e-05
0.3445 0.0115985 0.993409 3.97853e-10 2.26804e-05
0.3447 0.0116001 0.993406 4.03418e-10 2.30832e-05
0.3449 0.0116017 0.993403 4.0941e-10 2.37495e-05
0.3451 0.0116032 0.993401 4.08772e-10 2.40081e-05
0.3453 0.0116048 0.993398 4.10436e-10 2.42791e-05
0.3455 0.0116064 0.993395 4.0342e-10 2.24952e-05
0.3457 0.011608 0.993392 4.01999e-10 2.25872e-05
0.3459 0.0116095 0.993389 4.01663e-10 2.25987e-05
0.3461 0.0116111 0.993386 4.04828e-10 2.30208e-05
0.3463 0.0116127 0.993383 4.01299e-10 2.30943e-05
0.3465 0.0116143 0.99338 4.06741e-10 2.31709e-05
0.3467 0.0116158 0.993378 4.04761e-10 2.29683e-05
0.3469 0.0116174 0.993375 4.07632e-10 2.30364e-05
0.3471 0.011619 0.993372 4.0808e-10 2.32257e-05
0.3473 0.0116206 0.993369 4.07828e-10 2.31859e-05
0.3475 0.0116221 0.993366 4.07423e-10 2.29633e-05
0.3477 0.0116237 0.993363 4.04692e-10 2.20697e-05
0.3479 0.0116253 0.99336 4.06626e-10 2.20047e-05
0.3481 0.0116269 0.993357 4.06347e-10 2.24647e-05
0.3483 0.0116284 0.993354 4.03684e-10 2.17918e-05
0.3485 0.01163 0.993352 4.07191e-10 2.19353e-05
0.3487 0.0116316 0.993349 4.05979e-10 2.20136e-05
0.3489 0.0116331 0.993346 4.06544e-10 2.21451e-05
0.3491 0.0116347 0.993343 4.09544e-10 2.24873e-05
0.3493 0.0116363 0.99334 4.11087e-10 2.27809e-05
0.3495 0.0116378 0.993337 4.05973e-10 2.27277e-05
0.3497 0.0116394 0.993334 4.04235e-10 2.26234e-05
0.3499 0.011641 0.993332 4.0052e-10 2.0791e-05
0.3501 0.0116425 0.993329 4.0257e-10 2.10857e-05
0.3503 0.0116441 0.993326 4.02437e-10 2.14094e-05
0.3505 0.0116456 0.993323 4.04906e-10 2.15672e-05
0.3507 0.0116472 0.99332 4.03539e-10 2.13939e-05
0.3509 0.0116488 0.993317 4.02271e-10 2.08447e-05
0.3511 0.0116503 0.993314 4.06899e-10 2.15046e-05
0.3513 0.0116519 0.993312 4.07707e-10 2.17534e-05
0.3515 0.0116534 0.993309 4.10328e-10 2.21841e-05
0.3517 0.011655 0.993306 4.11859e-10 2.25527e-05
0.3519 0.0116566 0.993303 4.10119e-10 2.26341e-05
0.3521 0.0116581 0.9933 4.15004e-10 2.27206e-05
0.3523 0.0116597 0.993297 4.15397e-10 2.31399e-05
0.3525 0.0116612 0.993294 4.19801e-10 2.35691e-05
0.3527 0.0116628 0.993292 4.19567e-10 2.39184e-05
0.3529 0.0116643 0.993289 4.24101e-10 2.45111e-05
0.3531 0.0116659 0.993286 4.27432e-10 2.50347e-05
0.3533 0.0116674 0.993283 4.26882e-10 2.57799e-05
0.3535 0.011669 0.99328 4.33804e-10 2.68102e-05
0.3537 0.0116706 0.993277 4.35021e-10 2.63972e-05
0.3539 0.0116721 0.993275 4.30017e-10 2.54257e-05
0.3541 0.0116737 0.993272 4.20641e-10 2.48373e-05
0.3543 0.0116752 0.993269 4.2212e-10 2.48932e-05
0.3545 0.0116768 0.993266 4.21515e-10 2.44683e-05
0.3547 0.0116783 0.993263 4.19922e-10 2.51023e-05
0.3549 0.0116799 0.99326 4.24444e-10 2.6134e-05
0.3551 0.0116814 0.993258 4.15626e-10 2.34151e-05
0.3553 0.011683 0.993255 4.17055e-10 2.31341e-05
0.3555 0.0116845 0.993252 4.17715e-10 2.32256e-05
0.3557 0.011686 0.993249 4.20165e-10 2.35812e-05
0.3559 0.0116876 0.993246 4.16916e-10 2.28644e-05
0.3561 0.0116891 0.993243 4.19322e-10 2.3231e-05
0.3563 0.0116907 0.993241 4.15413e-10 2.22793e-05
0.3565 0.0116922 0.993238 4.18001e-10 2.25069e-05
0.3567 0.0116938 0.993235 4.15845e-10 2.21159e-05
0.3569 0.0116953 0.993232 4.13844e-10 2.23822e-05
0.3571 0.0116969 0.993229 4.17463e-10 2.25404e-05
0.3573 0.0116984 0.993226 4.16474e-10 2.28682e-05
0.3575 0.0116999 0.993224 4.18648e-10 2.29247e-05
0.3577 0.0117015 0.993221 4.20047e-10 2.31871e-05
0.3579 0.011703 0.993218 4.17962e-10 2.29236e-05
0.3581 0.0117046 0.993215 4.21366e-10 2.34888e-05
0.3583 0.0117061 0.993212 4.19977e-10 2.35048e-05
0.3585 0.0117076 0.99321 4.25e-10 2.41429e-05
0.3587 0.0117092 0.993207 4.22223e-10 2.36943e-05
0.3589 0.0117107 0.993204 4.25185e-10 2.32261e-05
0.3591 0.0117122 0.993201 4.34625e-10 2.3938e-05
0.3593 0.0117138 0.993198 4.36386e-10 2.42225e-05
0.3595 0.0117153 0.993195 4.40142e-10 2.43954e-05
0.3597 0.0117168 0.993193 4.40653e-10 2.39114e-05
0.3599 0.0117184 0.99319 4.42154e-10 2.38228e-05
0.3601 0.0117199 0.993187 4.3992e-10 2.40775e-05
0.3603 0.0117214 0.993184 4.42778e-10 2.42215e-05
0.3605 0.011723 0.993181 4.42485e-10 2.42873e-05
0.3607 0.0117245 0.993179 4.45807e-10 2.48016e-05
0.3609 0.011726 0.993176 4.44403e-10 2.51556e-05
0.3611 0.0117276 0.993173 4.41193e-10 2.4836e-05
0.3613 0.0117291 0.99317 4.44579e-10 2.52068e-05
0.3615 0.0117306 0.993167 4.43356e-10 2.4874e-05
0.3617 0.0117322 0.993165 4.46567e-10 2.56274e-05
0.3619 0.0117337 0.993162 4.48659e-10 2.59849e-05
0.3621 0.0117352 0.993159 4.49495e-10 2.59511e-05
0.3623 0.0117367 0.993156 4.51958e-10 2.66339e-05
0.3625 0.0117383 0.993153 4.49974e-10 2.63162e-05
0.3627 0.0117398 0.993151 4.53152e-10 2.65972e-05
0.3629 0.0117413 0.993148 4.55339e-10 2.70038e-05
0.3631 0.0117428 0.993145 4.56168e-10 2.6955e-05
0.3633 0.0117444 0.993142 4.51254e-10 2.64716e-05
0.3635 0.0117459 0.993139 4.51967e-10 2.58525e-05
0.3637 0.0117474 0.993137 4.44521e-10 2.47838e-05
0.3639 0.0117489 0.993134 4.43089e-10 2.41851e-05
0.3641 0.0117504 0.993131 4.4502e-10 2.45971e-05
0.3643 0.011752 0.993128 4.4688e-10 2.47871e-05
0.3645 0.0117535 0.993126 4.47508e-10 2.49013e-05
0.3647 0.011755 0.993123 4.42821e-10 2.50489e-05
0.3649 0.0117565 0.99312 4.4284e-10 2.53076e-05
0.3651 0.011758 0.993117 4.43807e-10 2.48182e-05
0.3653 0.0117596 0.993114 4.48296e-10 2.50038e-05
0.3655 0.0117611 0.993112 4.48425e-10 2.5016e-05
0.3657 0.0117626 0.993109 4.50243e-10 2.54546e-05
0.3659 0.0117641 0.993106 4.53913e-10 2.5727e-05
0.3661 0.0117656 0.993103 4.54566e-10 2.59397e-05
0.3663 0.0117671 0.993101 4.50427e-10 2.62834e-05
0.3665 0.0117687 0.993098 4.57173e-10 2.72335e-05
0.3667 0.0117702 0.993095 4.44398e-10 2.4619e-05
0.3669 0.0117717 0.993092 4.4817e-10 2.5186e-05
0.3671 0.0117732 0.99309 4.49715e-10 2.54011e-05
0.3673 0.0117747 0.993087 4.51391e-10 2.57412e-05
0.3675 0.0117762 0.993084 4.514e-10 2.55546e-05
0.3677 0.0117777 0.993081 4.59376e-10 2.60981e-05
0.3679 0.0117792 0.993078 4.58693e-10 2.58016e-05
0.3681 0.0117808 0.993076 4.63212e-10 2.51253e-05
0.3683 0.0117823 0.993073 4.60788e-10 2.44787e-05
0.3685 0.0117838 0.99307 4.62659e-10 2.50203e-05
0.3687 0.0117853 0.993067 4.65378e-10 2.50179e-05
0.3689 0.0117868 0.993065 4.66969e-10 2.53101e-05
0.3691 0.0117883 0.993062 4.63355e-10 2.52092e-05
0.3693 0.0117898 0.993059 4.65224e-10 2.55278e-05
0.3695 0.0117913 0.993056 4.66417e-10 2.58271e-05
0.3697 0.0117928 0.993054 4.70924e-10 2.62391e-05
0.3699 0.0117943 0.993051 4.64426e-10 2.47973e-05
0.3701 0.0117958 0.993048 4.74149e-10 2.62531e-05
0.3703 0.0117973 0.993045 4.76196e-10 2.66725e-05
0.3705 0.0117988 0.993043 4.71406e-10 2.64452e-05
0.3707 0.0118003 0.99304 4.74426e-10 2.67202e-05
0.3709 0.0118018 0.993037 4.7799e-10 2.72635e-05
0.3711 0.0118033 0.993034 4.81065e-10 2.76687e-05
0.3713 0.0118048 0.993032 4.83408e-10 2.83286e-05
0.3715 0.0118063 0.993029 4.80413e-10 2.7375e-05
0.3717 0.0118078 0.993026 4.81768e-10 2.77463e-05
0.3719 0.0118093 0.993023 4.82124e-10 2.80816e-05
0.3721 0.0118108 0.993021 4.82019e-10 2.87516e-05
0.3723 0.0118123 0.993018 4.83015e-10 2.92493e-05
0.3725 0.0118138 0.993015 4.82993e-10 2.87858e-05
0.3727 0.0118153 0.993012 4.89264e-10 2.98302e-05
0.3729 0.0118168 0.99301 4.84036e-10 2.87215e-05
0.3731 0.0118183 0.993007 4.78952e-10 2.9109e-05
0.3733 0.0118198 0.993004 4.7692e-10 3.00063e-05
0.3735 0.0118213 0.993002 4.75433e-10 2.86187e-05
0.3737 0.0118228 0.992999 4.71876e-10 2.79175e-05
0.3739 0.0118243 0.992996 4.73997e-10 2.79142e-05
0.3741 0.0118258 0.992993 4.79154e-10 2.94933e-05
0.3743 0.0118272 0.992991 4.72427e-10 2.72007e-05
0.3745 0.0118287 0.992988 4.69461e-10 2.6363e-05
0.3747 0.0118302 0.992985 4.71084e-10 2.64804e-05
0.3749 0.0118317 0.992982 4.69542e-10 2.63844e-05
0.3751 0.0118332 0.99298 4.6637e-10 2.59976e-05
0.3753 0.0118347 0.992977 4.60136e-10 2.5691e-05
0.3755 0.0118362 0.992974 4.62531e-10 2.58333e-05
0.3757 0.0118377 0.992972 4.57952e-10 2.44299e-05
0.3759 0.0118391 0.992969 4.63666e-10 2.52781e-05
0.3761 0.0118406 0.992966 4.63778e-10 2.53964e-05
0.3763 0.0118421 0.992963 4.64873e-10 2.5601e-05
0.3765 0.0118436 0.992961 4.67272e-10 2.58043e-05
0.3767 0.0118451 0.992958 4.63507e-10 2.54038e-05
0.3769 0.0118466 0.992955 4.70096e-10 2.62022e-05
0.3771 0.011848 0.992952 4.70677e-10 2.62994e-05
0.3773 0.0118495 0.99295 4.73506e-10 2.6763e-05
0.3775 0.011851 0.992947 4.71424e-10 2.70876e-05
0.3777 0.0118525 0.992944 4.74527e-10 2.741e-05
0.3779 0.011854 0.992942 4.73445e-10 2.6752e-05
0.3781 0.0118554 0.992939 4.80398e-10 2.76795e-05
0.3783 0.0118569 0.992936 4.83789e-10 2.82547e-05
0.3785 0.0118584 0.992934 4.84442e-10 2.86964e-05
0.3787 0.0118599 0.992931 4.8431e-10 2.90433e-05
0.3789 0.0118613 0.992928 4.87387e-10 2.96744e-05
0.3791 0.0118628 0.992925 4.88383e-10 2.96081e-05
0.3793 0.0118643 0.992923 4.88776e-10 2.97057e-05
0.3795 0.0118658 0.99292 4.88463e-10 2.87899e-05
0.3797 0.0118672 0.992917 4.9146e-10 2.80594e-05
0.3799 0.0118687 0.992915 4.90972e-10 2.78297e-05
0.3801 0.0118702 0.992912 4.88855e-10 2.79779e-05
0.3803 0.0118717 0.992909 4.93916e-10 2.83318e-05
0.3805 0.0118731 0.992907 4.97247e-10 2.86007e-05
0.3807 0.0118746 0.992904 4.95021e-10 2.88714e-05
0.3809 0.0118761 0.992901 4.96086e-10 2.91296e-05
0.3811 0.0118775 0.992898 4.84747e-10 2.86065e-05
0.3813 0.011879 0.992896 4.75896e-10 2.81275e-05
0.3815 0.0118805 0.992893 4.83706e-10 2.91633e-05
0.3817 0.0118819 0.99289 4.79934e-10 2.87598e-05
0.3819 0.0118834 0.992888 4.85293e-10 2.92249e-05
0.3821 0.0118849 0.992885 4.79477e-10 2.92798e-05
0.3823 0.0118863 0.992882 4.8386e-10 2.96711e-05
0.3825 0.0118878 0.99288 4.81485e-10 2.96836e-05
0.3827 0.0118893 0.992877 4.8504e-10 2.99146e-05
0.3829 0.0118907 0.992874 4.85759e-10 3.08146e-05
0.3831 0.0118922 0.992872 4.86674e-10 2.98111e-05
0.3833 0.0118937 0.992869 4.82169e-10 2.89615e-05
0.3835 0.0118951 0.992866 4.81291e-10 2.89784e-05
0.3837 0.0118966 0.992864 4.86588e-10 2.90812e-05
0.3839 0.011898 0.992861 4.85158e-10 2.79514e-05
0.3841 0.0118995 0.992858 4.83062e-10 2.71541e-05
0.3843 0.011901 0.992856 4.84735e-10 2.72903e-05
0.3845 0.0119024 0.992853 4.83713e-10 2.74531e-05
0.3847 0.0119039 0.99285 4.88965e-10 2.78193e-05
0.3849 0.0119053 0.992847 4.91117e-10 2.80587e-05
0.3851 0.0119068 0.992845 4.93971e-10 2.83101e-05
0.3853 0.0119083 0.992842 4.94449e-10 2.8556e-05
0.3855 0.0119097 0.992839 4.9418e-10 2.86819e-05
0.3857 0.0119112 0.992837 4.97558e-10 2.91729e-05
0.3859 0.0119126 0.992834 5.00526e-10 2.96567e-05
0.3861 0.0119141 0.992831 5.01439e-10 2.99673e-05
0.3863 0.0119155 0.992829 5.0534e-10 3.05341e-05
0.3865 0.011917 0.992826 4.95427e-10 3.02008e-05
0.3867 0.0119184 0.992823 5.08022e-10 3.14028e-05
0.3869 0.0119199 0.992821 5.03344e-10 2.91382e-05
0.3871 0.0119214 0.992818 5.08313e-10 2.95484e-05
0.3873 0.0119228 0.992815 5.09868e-10 2.97898e-05
0.3875 0.0119243 0.992813 5.12235e-10 3.02702e-05
0.3877 0.0119257 0.99281 5.09095e-10 2.97939e-05
0.3879 0.0119272 0.992808 5.05247e-10 2.82412e-05
0.3881 0.0119286 0.992805 5.11201e-10 2.91671e-05
0.3883 0.0119301 0.992802 5.12074e-10 2.93903e-05
0.3885 0.0119315 0.9928 5.13943e-10 2.96912e-05
0.3887 0.011933 0.992797 5.12359e-10 3.01661e-05
0.3889 0.0119344 0.992794 5.12899e-10 2.81681e-05
0.3891 0.0119359 0.992792 5.17085e-10 2.87368e-05
0.3893 0.0119373 0.992789 5.08335e-10 2.76618e-05
0.3895 0.0119388 0.992786 5.14618e-10 2.81172e-05
0.3897 0.0119402 0.992784 5.19433e-10 2.85108e-05
0.3899 0.0119416 0.992781 5.21243e-10 2.8766e-05
0.3901 0.0119431 0.992778 5.21198e-10 2.84948e-05
0.3903 0.0119445 0.992776 5.25133e-10 2.91373e-05
0.3905 0.011946 0.992773 5.25708e-10 2.91359e-05
0.3907 0.0119474 0.99277 5.21287e-10 2.91225e-05
0.3909 0.0119489 0.992768 5.24237e-10 2.9546e-05
0.3911 0.0119503 0.992765 5.24658e-10 2.9884e-05
0.3913 0.0119517 0.992763 5.15547e-10 2.9141e-05
0.3915 0.0119532 0.99276 5.1306e-10 2.9566e-05
0.3917 0.0119546 0.992757 5.17813e-10 2.99272e-05
0.3919 0.0119561 0.992755 5.18063e-10 3.0396e-05
0.3921 0.0119575 0.992752 5.197e-10 3.09038e-05
0.3923 0.0119589 0.992749 5.18867e-10 3.13851e-05
0.3925 0.0119604 0.992747 5.24517e-10 3.23753e-05
0.3927 0.0119618 0.992744 5.25196e-10 3.25963e-05
0.3929 0.0119633 0.992741 5.27281e-10 3.30717e-05
0.3931 0.0119647 0.992739 5.18449e-10 3.22604e-05
0.3933 0.0119661 0.992736 5.21236e-10 3.19793e-05
0.3935 0.0119676 0.992734 5.22941e-10 3.18042e-05
0.3937 0.011969 0.992731 5.283e-10 3.24282e-05
0.3939 0.0119704 0.992728 5.27533e-10 3.20673e-05
0.3941 0.0119719 0.992726 5.26479e-10 3.19114e-05
0.3943 0.0119733 0.992723 5.29587e-10 3.28277e-05
0.3945 0.0119747 0.99272 5.24556e-10 3.10776e-05
0.3947 0.0119762 0.992718 5.29073e-10 3.15394e-05
0.3949 0.0119776 0.992715 5.26987e-10 3.06658e-05
0.3951 0.011979 0.992713 5.25314e-10 2.96225e-05
0.3953 0.0119805 0.99271 5.2686e-10 2.96629e-05
0.3955 0.0119819 0.992707 5.22643e-10 2.98936e-05
0.3957 0.0119833 0.992705 5.26194e-10 3.01469e-05
0.3959 0.0119847 0.992702 5.26828e-10 3.02687e-05
0.3961 0.0119862 0.9927 5.22987e-10 3.02495e-05
0.3963 0.0119876 0.992697 5.2374e-10 2.99713e-05
0.3965 0.011989 0.992694 5.2487e-10 3.02174e-05
0.3967 0.0119905 0.992692 5.29593e-10 3.07034e-05
0.3969 0.0119919 0.992689 5.32026e-10 3.11072e-05
0.3971 0.0119933 0.992686 5.35372e-10 3.14168e-05
0.3973 0.0119947 0.992684 5.18837e-10 2.8732e-05
0.3975 0.0119962 0.992681 5.23945e-10 2.9244e-05
0.3977 0.0119976 0.992679 5.22707e-10 2.96583e-05
0.3979 0.011999 0.992676 5.26994e-10 3.00598e-05
0.3981 0.0120004 0.992673 5.28098e-10 2.97019e-05
0.3983 0.0120018 0.992671 5.26745e-10 3.01691e-05
0.3985 0.0120033 0.992668 5.31432e-10 3.05255e-05
0.3987 0.0120047 0.992666 5.30855e-10 3.06249e-05
0.3989 0.0120061 0.992663 5.31502e-10 3.08685e-05
0.3991 0.0120075 0.99266 5.30094e-10 3.08246e-05
0.3993 0.0120089 0.992658 5.33708e-10 3.13127e-05
0.3995 0.0120104 0.992655 5.34811e-10 3.1095e-05
0.3997 0.0120118 0.992653 5.36292e-10 3.13467e-05
0.3999 0.0120132 0.99265 5.37797e-10 3.16407e-05
0.4001 0.0120146 0.992647 5.38984e-10 3.17809e-05
0.4003 0.012016 0.992645 5.43286e-10 3.26598e-05
0.4005 0.0120174 0.992642 5.46752e-10 3.28951e-05
0.4007 0.0120189 0.99264 5.51226e-10 3.31997e-05
0.4009 0.0120203 0.992637 5.52639e-10 3.38574e-05
0.4011 0.0120217 0.992634 5.38697e-10 2.86302e-05
0.4013 0.0120231 0.992632 5.47454e-10 2.99057e-05
0.4015 0.0120245 0.992629 5.49978e-10 3.01063e-05
0.4017 0.0120259 0.992627 5.44509e-10 3.02211e-05
0.4019 0.0120273 0.992624 5.46736e-10 3.05468e-05
0.4021 0.0120287 0.992622 5.45562e-10 3.02203e-05
0.4023 0.0120302 0.992619 5.50449e-10 3.09483e-05
0.4025 0.0120316 0.992616 5.50764e-10 3.10946e-05
0.4027 0.012033 0.992614 5.4759e-10 3.16026e-05
0.4029 0.0120344 0.992611 5.50957e-10 3.1331e-05
0.4031 0.0120358 0.992609 5.47088e-10 3.16492e-05
0.4033 0.0120372 0.992606 5.51149e-10 3.21987e-05
0.4035 0.0120386 0.992603 5.51553e-10 3.26104e-05
0.4037 0.01204 0.992601 5.51294e-10 3.30539e-05
0.4039 0.0120414 0.992598 5.50626e-10 3.33284e-05
0.4041 0.0120428 0.992596 5.57612e-10 3.43171e-05
0.4043 0.0120442 0.992593 5.62434e-10 3.59349e-05
0.4045 0.0120456 0.992591 5.55006e-10 3.42879e-05
0.4047 0.012047 0.992588 5.53934e-10 3.35795e-05
0.4049 0.0120484 0.992585 5.56535e-10 3.43585e-05
0.4051 0.0120498 0.992583 5.55932e-10 3.43303e-05
0.4053 0.0120512 0.99258 5.51627e-10 3.48435e-05
0.4055 0.0120526 0.992578 5.49568e-10 3.38581e-05
0.4057 0.012054 0.992575 5.43354e-10 3.16961e-05
0.4059 0.0120554 0.992573 5.50187e-10 3.26293e-05
0.4061 0.0120568 0.99257 5.42873e-10 3.13306e-05
0.4063 0.0120582 0.992568 5.42413e-10 3.15299e-05
0.4065 0.0120596 0.992565 5.46748e-10 3.19468e-05
0.4067 0.012061 0.992562 5.46961e-10 3.21149e-05
0.4069 0.0120624 0.99256 5.46442e-10 3.17089e-05
0.4071 0.0120638 0.992557 5.47652e-10 3.1507e-05
0.4073 0.0120652 0.992555 5.52023e-10 3.1685e-05
0.4075 0.0120666 0.992552 5.54726e-10 3.19235e-05
0.4077 0.012068 0.99255 5.55046e-10 3.15861e-05
0.4079 0.0120694 0.992547 5.57428e-10 3.2225e-05
0.4081 0.0120708 0.992544 5.59267e-10 3.18959e-05
0.4083 0.0120722 0.992542 5.55805e-10 3.13393e-05
0.4084 0.0120729 0.992541 1.15688e-10 8.26709e-06
0.4085 0.0120736 0.992539 1.15974e-10 8.28302e-06
0.4086 0.0120743 0.992538 1.14592e-10 7.63976e-06
0.4087 0.012075 0.992537 1.14348e-10 7.4567e-06
0.4088 0.0120757 0.992536 1.14158e-10 7.46114e-06
0.4089 0.0120764 0.992534 1.14347e-10 7.47662e-06
0.409 0.0120771 0.992533 1.14078e-10 7.48268e-06
0.4091 0.0120778 0.992532 1.15045e-10 7.54903e-06
0.4092 0.0120785 0.99253 1.15758e-10 7.72126e-06
0.4093 0.0120791 0.992529 1.158e-10 7.64756e-06
0.4094 0.0120798 0.992528 1.15469e-10 7.61891e-06
0.4096 0.0120812 0.992525 5.61137e-10 3.09606e-05
0.4098 0.0120826 0.992523 5.61504e-10 3.11938e-05
0.41 0.012084 0.99252 5.63561e-10 3.15287e-05
0.4102 0.0120854 0.992518 5.61098e-10 3.1829e-05
0.4104 0.0120868 0.992515 5.59371e-10 3.13495e-05
0.4106 0.0120882 0.992513 5.66013e-10 3.25086e-05
0.4108 0.0120896 0.99251 5.73081e-10 3.33389e-05
0.4109 0.0120903 0.992509 1.1774e-10 8.42006e-06
0.4111 0.0120916 0.992506 5.64511e-10 3.05441e-05
0.4113 0.012093 0.992504 5.71937e-10 3.1559e-05
0.4115 0.0120944 0.992501 5.7031e-10 3.1848e-05
0.4117 0.0120958 0.992499 5.63654e-10 3.08811e-05
0.4119 0.0120972 0.992496 5.62811e-10 3.0501e-05
0.4121 0.0120986 0.992494 5.66958e-10 3.14836e-05
0.4123 0.0121 0.992491 5.66795e-10 3.18297e-05
0.4125 0.0121013 0.992489 5.68076e-10 3.222e-05
0.4127 0.0121027 0.992486 5.736e-10 3.29797e-05
0.4129 0.0121041 0.992484 5.66217e-10 3.24878e-05
0.4131 0.0121055 0.992481 5.7508e-10 3.3283e-05
0.4132 0.0121062 0.99248 1.19242e-10 8.50744e-06
0.4133 0.0121069 0.992478 1.19288e-10 8.55803e-06
0.4134 0.0121076 0.992477 1.20034e-10 8.65921e-06
0.4136 0.0121089 0.992475 5.80198e-10 3.49058e-05
0.4138 0.0121103 0.992472 5.76303e-10 3.5111e-05
0.414 0.0121117 0.99247 5.73736e-10 3.40405e-05
0.4142 0.0121131 0.992467 5.7711e-10 3.44712e-05
0.4144 0.0121144 0.992465 5.78387e-10 3.47612e-05
0.4146 0.0121158 0.992462 5.75239e-10 3.4372e-05
0.4148 0.0121172 0.99246 5.79115e-10 3.44908e-05
0.415 0.0121186 0.992457 5.79149e-10 3.43872e-05
0.4152 0.01212 0.992455 5.86243e-10 3.57156e-05
0.4154 0.0121213 0.992452 5.86148e-10 3.60724e-05
0.4156 0.0121227 0.992449 5.85077e-10 3.53617e-05
0.4157 0.0121234 0.992448 1.19761e-10 8.80668e-06
0.4158 0.0121241 0.992447 1.19902e-10 8.75176e-06
0.4159 0.0121248 0.992446 1.19436e-10 8.77203e-06
0.416 0.0121255 0.992444 1.20131e-10 8.85696e-06
0.4162 0.0121268 0.992442 5.79976e-10 3.54095e-05
0.4164 0.0121282 0.992439 5.85178e-10 3.58217e-05
0.4166 0.0121296 0.992437 5.89034e-10 3.64597e-05
0.4168 0.0121309 0.992434 5.80403e-10 3.55007e-05
0.417 0.0121323 0.992432 5.89461e-10 3.72092e-05
0.4172 0.0121337 0.992429 5.82739e-10 3.40538e-05
0.4174 0.0121351 0.992427 5.82611e-10 3.386e-05
0.4176 0.0121364 0.992424 5.85039e-10 3.30511e-05
0.4177 0.0121371 0.992423 1.20054e-10 8.01668e-06
0.4178 0.0121378 0.992422 1.20083e-10 8.01918e-06
0.4179 0.0121385 0.992421 1.19714e-10 8.0001e-06
0.418 0.0121392 0.992419 1.20014e-10 8.02627e-06
0.4181 0.0121398 0.992418 1.20213e-10 8.03415e-06
0.4182 0.0121405 0.992417 1.20245e-10 8.04434e-06
0.4183 0.0121412 0.992416 1.20226e-10 8.05551e-06
0.4184 0.0121419 0.992414 1.20306e-10 8.06482e-06
0.4185 0.0121426 0.992413 1.21536e-10 8.195e-06
0.4187 0.0121439 0.992411 5.84741e-10 3.23197e-05
0.4189 0.0121453 0.992408 5.87149e-10 3.28502e-05
0.4191 0.0121467 0.992406 5.89624e-10 3.3137e-05
0.4193 0.012148 0.992403 5.90505e-10 3.32322e-05
0.4194 0.0121487 0.992402 1.21887e-10 8.31895e-06
0.4195 0.0121494 0.992401 1.2308e-10 8.40612e-06
0.4196 0.0121501 0.992399 1.23055e-10 8.4379e-06
0.4197 0.0121508 0.992398 1.24577e-10 8.62726e-06
0.4198 0.0121515 0.992397 1.23893e-10 8.45887e-06
0.4199 0.0121521 0.992396 1.23388e-10 8.2474e-06
0.4201 0.0121535 0.992393 5.91541e-10 3.29485e-05
0.4203 0.0121549 0.992391 5.90465e-10 3.14917e-05
0.4205 0.0121562 0.992388 5.86397e-10 3.18299e-05
0.4207 0.0121576 0.992386 5.86281e-10 3.21844e-05
0.4209 0.012159 0.992383 5.9013e-10 3.24581e-05
0.4211 0.0121603 0.992381 5.89113e-10 3.26495e-05
0.4213 0.0121617 0.992378 5.91039e-10 3.30866e-05
0.4215 0.012163 0.992376 5.95504e-10 3.36394e-05
0.4217 0.0121644 0.992373 5.94881e-10 3.37397e-05
0.4219 0.0121658 0.992371 5.95904e-10 3.41851e-05
0.4221 0.0121671 0.992368 5.97032e-10 3.44517e-05
0.4223 0.0121685 0.992366 6.00376e-10 3.51753e-05
0.4225 0.0121698 0.992363 6.04742e-10 3.5985e-05
0.4227 0.0121712 0.992361 6.08568e-10 3.69752e-05
0.4229 0.0121725 0.992358 6.1104e-10 3.70705e-05
0.4231 0.0121739 0.992356 6.11072e-10 3.73814e-05
0.4233 0.0121752 0.992353 6.14196e-10 3.79875e-05
0.4235 0.0121766 0.992351 6.16971e-10 3.85558e-05
0.4237 0.012178 0.992348 6.15343e-10 3.81334e-05
0.4238 0.0121786 0.992347 1.26821e-10 9.32936e-06
0.4239 0.0121793 0.992346 1.26545e-10 9.15585e-06
0.424 0.01218 0.992345 1.27993e-10 9.3572e-06
0.4241 0.0121807 0.992343 1.28033e-10 9.29453e-06
0.4242 0.0121813 0.992342 1.26435e-10 8.72214e-06
0.4243 0.012182 0.992341 1.25277e-10 8.05949e-06
0.4244 0.0121827 0.99234 1.26094e-10 8.24451e-06
0.4245 0.0121834 0.992338 1.26108e-10 8.25221e-06
0.4246 0.012184 0.992337 1.26024e-10 8.26136e-06
0.4247 0.0121847 0.992336 1.26501e-10 8.28688e-06
0.4248 0.0121854 0.992335 1.26113e-10 8.26211e-06
0.4249 0.0121861 0.992334 1.26697e-10 8.31636e-06
0.425 0.0121867 0.992332 1.25314e-10 8.33769e-06
0.4251 0.0121874 0.992331 1.25974e-10 8.35907e-06
0.4252 0.0121881 0.99233 1.25839e-10 8.37766e-06
0.4253 0.0121888 0.992329 1.25893e-10 8.4046e-06
0.4255 0.0121901 0.992326 6.0378e-10 3.34953e-05
0.4257 0.0121915 0.992324 6.05612e-10 3.36997e-05
0.4258 0.0121921 0.992322 1.25079e-10 8.53953e-06
0.4259 0.0121928 0.992321 1.25186e-10 8.57834e-06
0.426 0.0121935 0.99232 1.2514e-10 8.59248e-06
0.4261 0.0121941 0.992319 1.24938e-10 8.46105e-06
0.4262 0.0121948 0.992317 1.2439e-10 8.41481e-06
0.4263 0.0121955 0.992316 1.25183e-10 8.47125e-06
0.4265 0.0121968 0.992314 6.04788e-10 3.37457e-05
0.4266 0.0121975 0.992313 1.25056e-10 8.44767e-06
0.4267 0.0121982 0.992311 1.25135e-10 8.53653e-06
0.4269 0.0121995 0.992309 6.02745e-10 3.40191e-05
0.4271 0.0122009 0.992306 6.05598e-10 3.40231e-05
0.4272 0.0122015 0.992305 1.24959e-10 8.56993e-06
0.4274 0.0122029 0.992303 6.05986e-10 3.42036e-05
0.4276 0.0122042 0.9923 6.09022e-10 3.47411e-05
0.4278 0.0122056 0.992298 6.09631e-10 3.5112e-05
0.428 0.0122069 0.992295 6.02657e-10 3.51814e-05
0.4282 0.0122083 0.992293 6.11714e-10 3.67364e-05
0.4284 0.0122096 0.99229 6.12087e-10 3.60033e-05
0.4286 0.0122109 0.992288 6.10646e-10 3.534e-05
0.4288 0.0122123 0.992286 6.17019e-10 3.5959e-05
0.4289 0.012213 0.992284 1.28087e-10 9.14001e-06
0.429 0.0122136 0.992283 1.28355e-10 9.14627e-06
0.4291 0.0122143 0.992282 1.29093e-10 9.2556e-06
0.4292 0.012215 0.992281 1.28659e-10 9.27087e-06
0.4293 0.0122156 0.992279 1.27245e-10 8.54799e-06
0.4294 0.0122163 0.992278 1.29462e-10 8.82392e-06
0.4295 0.012217 0.992277 1.3028e-10 8.93353e-06
0.4296 0.0122176 0.992276 1.2858e-10 8.5707e-06
0.4297 0.0122183 0.992274 1.29021e-10 8.61521e-06
0.4298 0.012219 0.992273 1.28083e-10 8.66258e-06
0.4299 0.0122196 0.992272 1.28368e-10 8.69227e-06
0.43 0.0122203 0.992271 1.2905e-10 8.71408e-06
0.4301 0.012221 0.99227 1.29239e-10 8.76391e-06
0.4302 0.0122216 0.992268 1.29951e-10 8.83529e-06
0.4303 0.0122223 0.992267 1.30142e-10 8.87961e-06
0.4304 0.012223 0.992266 1.30149e-10 8.92748e-06
0.4305 0.0122236 0.992265 1.29823e-10 8.65314e-06
0.4306 0.0122243 0.992263 1.29825e-10 8.65076e-06
0.4307 0.012225 0.992262 1.29687e-10 8.64843e-06
0.4308 0.0122256 0.992261 1.30883e-10 8.75437e-06
0.4309 0.0122263 0.99226 1.31875e-10 8.80553e-06
0.431 0.012227 0.992259 1.31657e-10 8.82596e-06
0.4311 0.0122277 0.992257 1.32187e-10 8.88573e-06
0.4312 0.0122283 0.992256 1.31209e-10 8.96287e-06
0.4313 0.012229 0.992255 1.29415e-10 9.00476e-06
0.4314 0.0122297 0.992254 1.30965e-10 9.09736e-06
0.4315 0.0122303 0.992252 1.31169e-10 9.15549e-06
0.4316 0.012231 0.992251 1.31405e-10 9.21361e-06
0.4317 0.0122317 0.99225 1.32076e-10 9.31032e-06
0.4318 0.0122323 0.992249 1.33087e-10 9.47435e-06
0.4319 0.012233 0.992248 1.34777e-10 9.57688e-06
0.432 0.0122336 0.992246 1.34334e-10 9.54342e-06
0.4321 0.0122343 0.992245 1.35218e-10 9.59833e-06
0.4322 0.012235 0.992244 1.33926e-10 9.31468e-06
0.4323 0.0122356 0.992243 1.34583e-10 9.38474e-06
0.4324 0.0122363 0.992242 1.33395e-10 9.4277e-06
0.4325 0.012237 0.99224 1.33372e-10 9.53411e-06
0.4326 0.0122376 0.992239 1.3452e-10 9.82085e-06
0.4327 0.0122383 0.992238 1.33392e-10 9.65285e-06
0.4329 0.0122396 0.992235 6.27999e-10 3.50559e-05
0.433 0.0122403 0.992234 1.31795e-10 8.83551e-06
0.4332 0.0122416 0.992232 6.33664e-10 3.51626e-05
0.4334 0.012243 0.992229 6.31712e-10 3.52551e-05
0.4336 0.0122443 0.992227 6.36218e-10 3.58338e-05
0.4338 0.0122456 0.992225 6.39258e-10 3.63728e-05
0.434 0.012247 0.992222 6.38197e-10 3.6505e-05
0.4342 0.0122483 0.99222 6.33347e-10 3.54115e-05
0.4344 0.0122496 0.992217 6.2451e-10 3.42084e-05
0.4346 0.0122509 0.992215 6.26343e-10 3.51736e-05
0.4348 0.0122523 0.992212 6.29332e-10 3.4633e-05
0.435 0.0122536 0.99221 6.28366e-10 3.45621e-05
0.4351 0.0122542 0.992209 1.30937e-10 8.80535e-06
0.4352 0.0122549 0.992208 1.29595e-10 8.17885e-06
0.4353 0.0122556 0.992206 1.30286e-10 8.24885e-06
0.4354 0.0122562 0.992205 1.3064e-10 8.26996e-06
0.4355 0.0122569 0.992204 1.30512e-10 8.27461e-06
0.4356 0.0122576 0.992203 1.3097e-10 8.30149e-06
0.4357 0.0122582 0.992201 1.31144e-10 8.328e-06
0.4358 0.0122589 0.9922 1.31481e-10 8.35677e-06
0.4359 0.0122595 0.992199 1.31217e-10 8.36966e-06
0.436 0.0122602 0.992198 1.30741e-10 8.1134e-06
0.4361 0.0122609 0.992197 1.32111e-10 8.34674e-06
0.4362 0.0122615 0.992195 1.32669e-10 8.38504e-06
0.4363 0.0122622 0.992194 1.3265e-10 8.41298e-06
0.4364 0.0122628 0.992193 1.33118e-10 8.45604e-06
0.4365 0.0122635 0.992192 1.32089e-10 8.46488e-06
0.4366 0.0122642 0.992191 1.32982e-10 8.53478e-06
0.4367 0.0122648 0.992189 1.33534e-10 8.59287e-06
0.4368 0.0122655 0.992188 1.33204e-10 8.5981e-06
0.4369 0.0122661 0.992187 1.32416e-10 8.67638e-06
0.437 0.0122668 0.992186 1.33205e-10 8.55961e-06
0.4371 0.0122675 0.992185 1.34429e-10 8.67574e-06
0.4372 0.0122681 0.992183 1.3475e-10 8.72554e-06
0.4373 0.0122688 0.992182 1.33953e-10 8.5075e-06
0.4374 0.0122694 0.992181 1.34842e-10 8.61726e-06
0.4375 0.0122701 0.99218 1.35418e-10 8.73149e-06
0.4376 0.0122708 0.992179 1.35986e-10 8.89362e-06
0.4377 0.0122714 0.992177 1.36365e-10 8.94516e-06
0.4378 0.0122721 0.992176 1.37019e-10 9.00198e-06
0.4379 0.0122727 0.992175 1.36933e-10 9.02881e-06
0.438 0.0122734 0.992174 1.37473e-10 9.11165e-06
0.4381 0.0122741 0.992172 1.38065e-10 9.17428e-06
0.4382 0.0122747 0.992171 1.36088e-10 9.20732e-06
0.4383 0.0122754 0.99217 1.36552e-10 8.94581e-06
0.4384 0.012276 0.992169 1.38272e-10 9.19e-06
0.4385 0.0122767 0.992168 1.38347e-10 9.25295e-06
0.4386 0.0122773 0.992166 1.38966e-10 9.34645e-06
0.4387 0.012278 0.992165 1.35519e-10 8.88028e-06
0.4388 0.0122787 0.992164 1.35454e-10 8.95887e-06
0.4389 0.0122793 0.992163 1.35623e-10 8.97891e-06
0.439 0.01228 0.992162 1.35957e-10 9.05992e-06
0.4391 0.0122806 0.99216 1.35914e-10 9.07481e-06
0.4392 0.0122813 0.992159 1.36003e-10 9.12398e-06
0.4393 0.012282 0.992158 1.36775e-10 9.18754e-06
0.4394 0.0122826 0.992157 1.36662e-10 9.24223e-06
0.4395 0.0122833 0.992156 1.37812e-10 9.40551e-06
0.4396 0.0122839 0.992154 1.36885e-10 9.2743e-06
0.4397 0.0122846 0.992153 1.3665e-10 9.29811e-06
0.4398 0.0122852 0.992152 1.35635e-10 9.38012e-06
0.4399 0.0122859 0.992151 1.36067e-10 9.45176e-06
0.44 0.0122866 0.99215 1.36101e-10 9.52029e-06
0.4401 0.0122872 0.992148 1.34188e-10 9.59249e-06
0.4402 0.0122879 0.992147 1.35543e-10 9.66766e-06
0.4403 0.0122885 0.992146 1.35707e-10 9.7429e-06
0.4404 0.0122892 0.992145 1.36106e-10 9.85508e-06
0.4405 0.0122898 0.992144 1.3687e-10 9.97968e-06
0.4406 0.0122905 0.992142 1.36288e-10 9.99769e-06
0.4407 0.0122911 0.992141 1.36764e-10 1.0088e-05
0.4408 0.0122918 0.99214 1.37536e-10 1.01967e-05
0.4409 0.0122925 0.992139 1.38423e-10 1.04117e-05
0.441 0.0122931 0.992138 1.38821e-10 1.0493e-05
0.4411 0.0122938 0.992136 1.36939e-10 1.00782e-05
0.4412 0.0122944 0.992135 1.34833e-10 9.68857e-06
0.4413 0.0122951 0.992134 1.33995e-10 9.40782e-06
0.4414 0.0122957 0.992133 1.36503e-10 9.82281e-06
0.4415 0.0122964 0.992132 1.362e-10 9.82287e-06
0.4416 0.012297 0.99213 1.37106e-10 9.9025e-06
0.4417 0.0122977 0.992129 1.36722e-10 9.8835e-06
0.4418 0.0122984 0.992128 1.36885e-10 9.85415e-06
0.4419 0.012299 0.992127 1.3768e-10 1.00382e-05
0.442 0.0122997 0.992126 1.38559e-10 1.01104e-05
0.4421 0.0123003 0.992125 1.36455e-10 9.51218e-06
0.4422 0.012301 0.992123 1.37135e-10 9.55432e-06
0.4423 0.0123016 0.992122 1.37236e-10 9.59314e-06
0.4424 0.0123023 0.992121 1.37469e-10 9.63127e-06
0.4425 0.0123029 0.99212 1.37301e-10 9.66552e-06
0.4426 0.0123036 0.992119 1.38324e-10 9.69122e-06
0.4427 0.0123042 0.992117 1.39589e-10 9.88962e-06
0.4428 0.0123049 0.992116 1.37435e-10 9.41523e-06
0.4429 0.0123055 0.992115 1.37541e-10 9.37932e-06
0.443 0.0123062 0.992114 1.39369e-10 9.72752e-06
0.4431 0.0123068 0.992113 1.39612e-10 9.73936e-06
0.4432 0.0123075 0.992111 1.39312e-10 9.75349e-06
0.4433 0.0123081 0.99211 1.38089e-10 9.27041e-06
0.4434 0.0123088 0.992109 1.37893e-10 9.10557e-06
0.4435 0.0123095 0.992108 1.38311e-10 9.12059e-06
0.4436 0.0123101 0.992107 1.38129e-10 9.13661e-06
0.4437 0.0123108 0.992105 1.3853e-10 9.17109e-06
0.4438 0.0123114 0.992104 1.38736e-10 9.18171e-06
0.4439 0.0123121 0.992103 1.39571e-10 9.23861e-06
0.444 0.0123127 0.992102 1.39113e-10 9.25885e-06
0.4441 0.0123134 0.992101 1.38886e-10 9.28444e-06
0.4442 0.012314 0.992099 1.38363e-10 9.32715e-06
0.4443 0.0123147 0.992098 1.3995e-10 9.37966e-06
0.4444 0.0123153 0.992097 1.40572e-10 9.4608e-06
0.4445 0.012316 0.992096 1.40315e-10 9.469e-06
0.4446 0.0123166 0.992095 1.41201e-10 9.52603e-06
0.4447 0.0123173 0.992094 1.40873e-10 9.53376e-06
0.4448 0.0123179 0.992092 1.42074e-10 9.59848e-06
0.4449 0.0123186 0.992091 1.41473e-10 9.51188e-06
0.445 0.0123192 0.99209 1.41673e-10 9.52333e-06
0.4451 0.0123199 0.992089 1.40636e-10 9.07836e-06
0.4452 0.0123205 0.992088 1.41414e-10 9.26712e-06
0.4453 0.0123212 0.992086 1.40943e-10 9.13247e-06
0.4454 0.0123218 0.992085 1.41199e-10 9.17322e-06
0.4455 0.0123225 0.992084 1.4126e-10 9.21562e-06
0.4456 0.0123231 0.992083 1.41059e-10 8.99868e-06
0.4457 0.0123238 0.992082 1.42389e-10 9.12755e-06
0.4458 0.0123244 0.99208 1.42442e-10 9.14722e-06
0.4459 0.0123251 0.992079 1.42808e-10 8.97542e-06
0.446 0.0123257 0.992078 1.42945e-10 9.0512e-06
0.4461 0.0123264 0.992077 1.42812e-10 9.08463e-06
0.4462 0.012327 0.992076 1.42954e-10 9.10998e-06
0.4463 0.0123277 0.992075 1.43633e-10 9.17743e-06
0.4464 0.0123283 0.992073 1.43925e-10 9.21626e-06
0.4465 0.012329 0.992072 1.43578e-10 9.2483e-06
0.4466 0.0123296 0.992071 1.44959e-10 9.39939e-06
0.4467 0.0123303 0.99207 1.46938e-10 9.80502e-06
0.4468 0.0123309 0.992069 1.46202e-10 9.64405e-06
0.4469 0.0123316 0.992067 1.44102e-10 9.30542e-06
0.447 0.0123322 0.992066 1.45243e-10 9.44162e-06
0.4471 0.0123328 0.992065 1.43179e-10 9.46138e-06
0.4472 0.0123335 0.992064 1.42912e-10 9.48967e-06
0.4473 0.0123341 0.992063 1.42959e-10 9.52839e-06
0.4474 0.0123348 0.992061 1.43218e-10 9.56594e-06
0.4475 0.0123354 0.99206 1.42946e-10 9.56135e-06
0.4476 0.0123361 0.992059 1.44248e-10 9.64916e-06
0.4477 0.0123367 0.992058 1.42287e-10 9.02894e-06
0.4478 0.0123374 0.992057 1.42185e-10 9.03103e-06
0.4479 0.012338 0.992056 1.41694e-10 9.10533e-06
0.448 0.0123387 0.992054 1.41928e-10 9.13872e-06
0.4481 0.0123393 0.992053 1.41386e-10 9.20494e-06
0.4482 0.01234 0.992052 1.42219e-10 9.25735e-06
0.4483 0.0123406 0.992051 1.43183e-10 9.40717e-06
0.4484 0.0123413 0.99205 1.40853e-10 9.44169e-06
0.4485 0.0123419 0.992048 1.4195e-10 9.53633e-06
0.4486 0.0123426 0.992047 1.42954e-10 9.62234e-06
0.4487 0.0123432 0.992046 1.43067e-10 9.67366e-06
0.4488 0.0123438 0.992045 1.43048e-10 9.71584e-06
0.4489 0.0123445 0.992044 1.43421e-10 9.78628e-06
0.449 0.0123451 0.992043 1.41453e-10 9.83931e-06
0.4491 0.0123458 0.992041 1.40884e-10 9.45469e-06
0.4492 0.0123464 0.99204 1.41611e-10 9.51579e-06
0.4493 0.0123471 0.992039 1.41787e-10 9.58565e-06
0.4494 0.0123477 0.992038 1.41053e-10 9.5192e-06
0.4495 0.0123484 0.992037 1.41873e-10 9.68309e-06
0.4496 0.012349 0.992035 1.42357e-10 9.74494e-06
0.4497 0.0123497 0.992034 1.42138e-10 9.79223e-06
0.4498 0.0123503 0.992033 1.40948e-10 9.31546e-06
0.4499 0.0123509 0.992032 1.41564e-10 9.47922e-06
0.45 0.0123516 0.992031 1.4209e-10 9.55473e-06
0.4501 0.0123522 0.99203 1.42402e-10 9.65683e-06
0.4502 0.0123529 0.992028 1.42644e-10 9.79522e-06
0.4503 0.0123535 0.992027 1.44305e-10 1.00059e-05
0.4504 0.0123542 0.992026 1.44813e-10 1.00427e-05
0.4505 0.0123548 0.992025 1.4233e-10 9.19494e-06
0.4506 0.0123554 0.992024 1.41781e-10 9.0695e-06
0.4507 0.0123561 0.992023 1.4244e-10 9.1693e-06
0.4508 0.0123567 0.992021 1.42344e-10 9.19202e-06
0.4509 0.0123574 0.99202 1.41999e-10 9.04209e-06
0.451 0.012358 0.992019 1.42675e-10 9.16014e-06
0.4511 0.0123587 0.992018 1.43183e-10 9.31969e-06
0.4512 0.0123593 0.992017 1.43198e-10 9.34598e-06
0.4513 0.0123599 0.992015 1.424e-10 9.18347e-06
0.4514 0.0123606 0.992014 1.40716e-10 9.09036e-06
0.4515 0.0123612 0.992013 1.41908e-10 9.20912e-06
0.4516 0.0123619 0.992012 1.41666e-10 9.18339e-06
0.4517 0.0123625 0.992011 1.42172e-10 9.22648e-06
0.4518 0.0123632 0.99201 1.41813e-10 9.2422e-06
0.4519 0.0123638 0.992008 1.41628e-10 9.28999e-06
0.452 0.0123644 0.992007 1.41306e-10 9.13814e-06
0.4521 0.0123651 0.992006 1.41538e-10 9.15708e-06
0.4522 0.0123657 0.992005 1.41541e-10 9.1929e-06
0.4523 0.0123664 0.992004 1.41613e-10 9.2454e-06
0.4524 0.012367 0.992003 1.41233e-10 9.16342e-06
0.4525 0.0123676 0.992001 1.41332e-10 9.24509e-06
0.4526 0.0123683 0.992 1.41505e-10 9.29245e-06
0.4527 0.0123689 0.991999 1.40734e-10 9.19046e-06
0.4528 0.0123696 0.991998 1.41714e-10 9.329e-06
0.4529 0.0123702 0.991997 1.41867e-10 9.3799e-06
0.453 0.0123708 0.991996 1.42989e-10 9.50732e-06
0.4531 0.0123715 0.991994 1.43112e-10 9.5493e-06
0.4532 0.0123721 0.991993 1.42888e-10 9.35138e-06
0.4533 0.0123728 0.991992 1.44146e-10 9.45568e-06
0.4534 0.0123734 0.991991 1.4363e-10 9.52083e-06
0.4535 0.012374 0.99199 1.44736e-10 9.58242e-06
0.4536 0.0123747 0.991989 1.44657e-10 9.6239e-06
0.4537 0.0123753 0.991987 1.44774e-10 9.66916e-06
0.4538 0.012376 0.991986 1.45353e-10 9.75812e-06
0.4539 0.0123766 0.991985 1.4546e-10 9.82085e-06
0.454 0.0123772 0.991984 1.46407e-10 9.88634e-06
0.4541 0.0123779 0.991983 1.46266e-10 9.95405e-06
0.4542 0.0123785 0.991981 1.47451e-10 1.00636e-05
0.4543 0.0123792 0.99198 1.48644e-10 1.03257e-05
0.4544 0.0123798 0.991979 1.4889e-10 1.03893e-05
0.4545 0.0123804 0.991978 1.47857e-10 1.02168e-05
0.4546 0.0123811 0.991977 1.4803e-10 1.02812e-05
0.4547 0.0123817 0.991976 1.46467e-10 1.03662e-05
0.4548 0.0123823 0.991974 1.47294e-10 1.04377e-05
0.4549 0.012383 0.991973 1.4927e-10 1.07874e-05
0.455 0.0123836 0.991972 1.49963e-10 1.09699e-05
0.4551 0.0123843 0.991971 1.50246e-10 1.10343e-05
0.4552 0.0123849 0.99197 1.5061e-10 1.10981e-05
0.4553 0.0123855 0.991969 1.51187e-10 1.11994e-05
0.4554 0.0123862 0.991968 1.52465e-10 1.13275e-05
0.4555 0.0123868 0.991966 1.50855e-10 1.09446e-05
0.4556 0.0123875 0.991965 1.48199e-10 1.01757e-05
0.4557 0.0123881 0.991964 1.4617e-10 1.01259e-05
0.4558 0.0123887 0.991963 1.45685e-10 1.00327e-05
0.4559 0.0123894 0.991962 1.45029e-10 9.52582e-06
0.456 0.01239 0.991961 1.45119e-10 9.53082e-06
0.4561 0.0123906 0.991959 1.44871e-10 9.5242e-06
0.4562 0.0123913 0.991958 1.43288e-10 9.29744e-06
0.4563 0.0123919 0.991957 1.441e-10 9.42843e-06
0.4564 0.0123925 0.991956 1.45171e-10 9.58876e-06
0.4565 0.0123932 0.991955 1.45796e-10 9.61177e-06
0.4566 0.0123938 0.991954 1.45557e-10 9.63134e-06
0.4567 0.0123945 0.991952 1.4576e-10 9.65498e-06
0.4568 0.0123951 0.991951 1.45961e-10 9.66329e-06
0.4569 0.0123957 0.99195 1.46858e-10 9.72563e-06
0.457 0.0123964 0.991949 1.46914e-10 9.75079e-06
0.4571 0.012397 0.991948 1.46948e-10 9.76128e-06
0.4572 0.0123976 0.991947 1.47403e-10 9.81013e-06
0.4573 0.0123983 0.991945 1.46981e-10 9.78639e-06
0.4574 0.0123989 0.991944 1.4728e-10 9.82506e-06
0.4575 0.0123995 0.991943 1.47456e-10 9.86147e-06
0.4576 0.0124002 0.991942 1.45507e-10 9.89524e-06
0.4577 0.0124008 0.991941 1.47966e-10 9.92719e-06
0.4578 0.0124014 0.99194 1.48383e-10 9.95644e-06
0.4579 0.0124021 0.991938 1.48689e-10 1.00279e-05
0.458 0.0124027 0.991937 1.48927e-10 1.00627e-05
0.4581 0.0124033 0.991936 1.47673e-10 9.5487e-06
0.4582 0.012404 0.991935 1.48147e-10 9.58313e-06
0.4583 0.0124046 0.991934 1.48384e-10 9.62029e-06
0.4584 0.0124052 0.991933 1.4757e-10 9.66022e-06
0.4585 0.0124059 0.991932 1.49168e-10 9.70223e-06
0.4586 0.0124065 0.99193 1.48839e-10 9.74521e-06
0.4587 0.0124072 0.991929 1.49507e-10 9.78929e-06
0.4588 0.0124078 0.991928 1.49715e-10 9.83672e-06
0.4589 0.0124084 0.991927 1.49457e-10 9.87018e-06
0.459 0.0124091 0.991926 1.49948e-10 1.00804e-05
0.4591 0.0124097 0.991925 1.51577e-10 1.01385e-05
0.4592 0.0124103 0.991923 1.52727e-10 1.02777e-05
0.4593 0.012411 0.991922 1.52935e-10 1.03054e-05
0.4594 0.0124116 0.991921 1.5008e-10 9.69638e-06
0.4595 0.0124122 0.99192 1.52963e-10 1.00057e-05
0.4596 0.0124129 0.991919 1.52816e-10 1.00394e-05
0.4597 0.0124135 0.991918 1.5357e-10 1.00858e-05
0.4598 0.0124141 0.991916 1.54484e-10 1.02432e-05
0.4599 0.0124148 0.991915 1.53523e-10 1.02899e-05
0.46 0.0124154 0.991914 1.54766e-10 1.02671e-05
0.4601 0.012416 0.991913 1.55272e-10 1.03909e-05
0.4602 0.0124167 0.991912 1.56343e-10 1.05033e-05
0.4603 0.0124173 0.991911 1.55715e-10 1.03029e-05
0.4604 0.0124179 0.99191 1.55342e-10 1.01998e-05
0.4605 0.0124186 0.991908 1.54742e-10 1.00935e-05
0.4606 0.0124192 0.991907 1.5488e-10 9.79958e-06
0.4607 0.0124198 0.991906 1.52509e-10 9.668e-06
0.4608 0.0124204 0.991905 1.53431e-10 9.72003e-06
0.4609 0.0124211 0.991904 1.53481e-10 9.75277e-06
0.461 0.0124217 0.991903 1.53694e-10 9.78836e-06
0.4611 0.0124223 0.991901 1.53529e-10 9.80159e-06
0.4612 0.012423 0.9919 1.52035e-10 9.87151e-06
0.4613 0.0124236 0.991899 1.51643e-10 9.88329e-06
0.4614 0.0124242 0.991898 1.50814e-10 9.93192e-06
0.4615 0.0124249 0.991897 1.50863e-10 1.00017e-05
0.4616 0.0124255 0.991896 1.51919e-10 1.01022e-05
0.4617 0.0124261 0.991895 1.51667e-10 1.01473e-05
0.4618 0.0124268 0.991893 1.50996e-10 9.99726e-06
0.4619 0.0124274 0.991892 1.51256e-10 1.00857e-05
0.462 0.012428 0.991891 1.52067e-10 1.01945e-05
0.4621 0.0124287 0.99189 1.52542e-10 1.02631e-05
0.4622 0.0124293 0.991889 1.50979e-10 1.0312e-05
0.4623 0.0124299 0.991888 1.52948e-10 1.04119e-05
0.4624 0.0124306 0.991886 1.53537e-10 1.05346e-05
0.4625 0.0124312 0.991885 1.52005e-10 1.03787e-05
0.4626 0.0124318 0.991884 1.49876e-10 9.65255e-06
0.4627 0.0124324 0.991883 1.50705e-10 9.67353e-06
0.4628 0.0124331 0.991882 1.50371e-10 9.69059e-06
0.4629 0.0124337 0.991881 1.51971e-10 9.99745e-06
0.463 0.0124343 0.99188 1.52085e-10 1.0006e-05
0.4631 0.012435 0.991878 1.52698e-10 1.00601e-05
0.4632 0.0124356 0.991877 1.5288e-10 1.0092e-05
0.4633 0.0124362 0.991876 1.52555e-10 1.00733e-05
0.4634 0.0124369 0.991875 1.52706e-10 1.01079e-05
0.4635 0.0124375 0.991874 1.53134e-10 1.01369e-05
0.4636 0.0124381 0.991873 1.52704e-10 1.00257e-05
0.4637 0.0124387 0.991872 1.52425e-10 1.01292e-05
0.4638 0.0124394 0.99187 1.53054e-10 1.01676e-05
0.4639 0.01244 0.991869 1.49714e-10 9.03286e-06
0.464 0.0124406 0.991868 1.49954e-10 8.93254e-06
0.4641 0.0124413 0.991867 1.50291e-10 8.96334e-06
0.4642 0.0124419 0.991866 1.49793e-10 8.94729e-06
0.4643 0.0124425 0.991865 1.5068e-10 9.01164e-06
0.4644 0.0124431 0.991864 1.50959e-10 9.0395e-06
0.4645 0.0124438 0.991862 1.51039e-10 9.0695e-06
0.4646 0.0124444 0.991861 1.51096e-10 9.10204e-06
0.4647 0.012445 0.99186 1.52022e-10 9.15311e-06
0.4648 0.0124457 0.991859 1.51654e-10 9.19042e-06
0.4649 0.0124463 0.991858 1.52195e-10 9.23409e-06
0.465 0.0124469 0.991857 1.52684e-10 9.27763e-06
0.4651 0.0124475 0.991855 1.52819e-10 9.29824e-06
0.4652 0.0124482 0.991854 1.51783e-10 9.06163e-06
0.4653 0.0124488 0.991853 1.54338e-10 9.36014e-06
0.4654 0.0124494 0.991852 1.53508e-10 9.41113e-06
0.4655 0.01245 0.991851 1.54479e-10 9.46057e-06
0.4656 0.0124507 0.99185 1.54254e-10 9.45194e-06
0.4657 0.0124513 0.991849 1.55637e-10 9.58915e-06
0.4658 0.0124519 0.991847 1.56113e-10 9.6649e-06
0.4659 0.0124526 0.991846 1.55639e-10 9.64922e-06
0.466 0.0124532 0.991845 1.56932e-10 9.78083e-06
0.4661 0.0124538 0.991844 1.57758e-10 9.85974e-06
0.4662 0.0124544 0.991843 1.58103e-10 9.92772e-06
0.4663 0.0124551 0.991842 1.58585e-10 1.00026e-05
0.4664 0.0124557 0.991841 1.58832e-10 1.00741e-05
0.4665 0.0124563 0.991839 1.58981e-10 1.0145e-05
0.4666 0.0124569 0.991838 1.59002e-10 1.02068e-05
0.4667 0.0124576 0.991837 1.6018e-10 1.03294e-05
0.4668 0.0124582 0.991836 1.6064e-10 1.04306e-05
0.4669 0.0124588 0.991835 1.6152e-10 1.05122e-05
0.467 0.0124594 0.991834 1.62494e-10 1.05625e-05
0.4671 0.0124601 0.991833 1.64548e-10 1.07844e-05
0.4672 0.0124607 0.991832 1.63742e-10 1.06475e-05
0.4673 0.0124613 0.99183 1.64263e-10 1.06832e-05
0.4674 0.0124619 0.991829 1.64298e-10 1.08345e-05
0.4675 0.0124626 0.991828 1.63965e-10 1.09189e-05
0.4676 0.0124632 0.991827 1.65735e-10 1.10287e-05
0.4677 0.0124638 0.991826 1.6629e-10 1.11206e-05
0.4678 0.0124644 0.991825 1.66605e-10 1.12217e-05
0.4679 0.0124651 0.991824 1.67555e-10 1.13311e-05
0.468 0.0124657 0.991822 1.66794e-10 1.1248e-05
0.4681 0.0124663 0.991821 1.67653e-10 1.13902e-05
0.4682 0.0124669 0.99182 1.68224e-10 1.14738e-05
0.4683 0.0124676 0.991819 1.68726e-10 1.15613e-05
0.4684 0.0124682 0.991818 1.69453e-10 1.16812e-05
0.4685 0.0124688 0.991817 1.67571e-10 1.1303e-05
0.4686 0.0124694 0.991816 1.68398e-10 1.14037e-05
0.4687 0.0124701 0.991814 1.66458e-10 1.14751e-05
0.4688 0.0124707 0.991813 1.66256e-10 1.12449e-05
0.4689 0.0124713 0.991812 1.67111e-10 1.14147e-05
0.469 0.0124719 0.991811 1.65906e-10 1.15198e-05
0.4691 0.0124725 0.99181 1.64155e-10 1.11241e-05
0.4692 0.0124732 0.991809 1.63697e-10 1.101e-05
0.4693 0.0124738 0.991808 1.59452e-10 1.0394e-05
0.4694 0.0124744 0.991806 1.60476e-10 1.066e-05
0.4695 0.012475 0.991805 1.61113e-10 1.07133e-05
0.4696 0.0124757 0.991804 1.60667e-10 1.06395e-05
0.4697 0.0124763 0.991803 1.60374e-10 1.05405e-05
0.4698 0.0124769 0.991802 1.60587e-10 1.05835e-05
0.4699 0.0124775 0.991801 1.60926e-10 1.06333e-05
0.47 0.0124782 0.9918 1.60675e-10 1.06644e-05
0.4701 0.0124788 0.991799 1.61725e-10 1.08212e-05
0.4702 0.0124794 0.991797 1.6185e-10 1.08624e-05
0.4703 0.01248 0.991796 1.61533e-10 1.09062e-05
0.4704 0.0124806 0.991795 1.59507e-10 1.08552e-05
0.4705 0.0124813 0.991794 1.60866e-10 1.08447e-05
0.4706 0.0124819 0.991793 1.61154e-10 1.09088e-05
0.4707 0.0124825 0.991792 1.6077e-10 1.09143e-05
0.4708 0.0124831 0.991791 1.60421e-10 1.09649e-05
0.4709 0.0124838 0.991789 1.6205e-10 1.10812e-05
0.471 0.0124844 0.991788 1.61034e-10 1.07912e-05
0.4711 0.012485 0.991787 1.60201e-10 1.06363e-05
0.4712 0.0124856 0.991786 1.59899e-10 1.0551e-05
0.4713 0.0124862 0.991785 1.59738e-10 1.0584e-05
0.4714 0.0124869 0.991784 1.58876e-10 1.05039e-05
0.4715 0.0124875 0.991783 1.59056e-10 1.05461e-05
0.4716 0.0124881 0.991782 1.59013e-10 1.05833e-05
0.4717 0.0124887 0.99178 1.59248e-10 1.06233e-05
0.4718 0.0124893 0.991779 1.59767e-10 1.07334e-05
0.4719 0.01249 0.991778 1.61505e-10 1.12449e-05
0.472 0.0124906 0.991777 1.61356e-10 1.12583e-05
0.4721 0.0124912 0.991776 1.61195e-10 1.12788e-05
0.4722 0.0124918 0.991775 1.61653e-10 1.13076e-05
0.4723 0.0124924 0.991774 1.61855e-10 1.13332e-05
0.4724 0.0124931 0.991773 1.61195e-10 1.10563e-05
0.4725 0.0124937 0.991771 1.60738e-10 1.09452e-05
0.4726 0.0124943 0.99177 1.61252e-10 1.09916e-05
0.4727 0.0124949 0.991769 1.61731e-10 1.10491e-05
0.4728 0.0124955 0.991768 1.59224e-10 9.87167e-06
0.4729 0.0124962 0.991767 1.60638e-10 9.92239e-06
0.473 0.0124968 0.991766 1.61318e-10 9.97959e-06
0.4731 0.0124974 0.991765 1.61899e-10 1.00063e-05
0.4732 0.012498 0.991763 1.60679e-10 1.00183e-05
0.4733 0.0124986 0.991762 1.60369e-10 9.9216e-06
0.4734 0.0124992 0.991761 1.59961e-10 9.61333e-06
0.4735 0.0124999 0.99176 1.59679e-10 9.62042e-06
0.4736 0.0125005 0.991759 1.59237e-10 9.5764e-06
0.4737 0.0125011 0.991758 1.59498e-10 9.55693e-06
0.4738 0.0125017 0.991757 1.59521e-10 9.54801e-06
0.4739 0.0125023 0.991756 1.59732e-10 9.58148e-06
0.474 0.0125029 0.991754 1.60532e-10 9.66071e-06
0.4741 0.0125036 0.991753 1.60515e-10 9.68559e-06
0.4742 0.0125042 0.991752 1.57765e-10 9.47124e-06
0.4743 0.0125048 0.991751 1.57826e-10 9.51107e-06
0.4744 0.0125054 0.99175 1.58091e-10 9.54628e-06
0.4745 0.012506 0.991749 1.58548e-10 9.55773e-06
0.4746 0.0125067 0.991748 1.59202e-10 9.59764e-06
0.4747 0.0125073 0.991747 1.59433e-10 9.74328e-06
0.4748 0.0125079 0.991745 1.60105e-10 9.87537e-06
0.4749 0.0125085 0.991744 1.59666e-10 9.65247e-06
0.475 0.0125091 0.991743 1.60398e-10 9.71192e-06
0.4751 0.0125097 0.991742 1.60613e-10 9.71576e-06
0.4752 0.0125104 0.991741 1.60951e-10 9.77025e-06
0.4753 0.012511 0.99174 1.61154e-10 9.81031e-06
0.4754 0.0125116 0.991739 1.61284e-10 9.83769e-06
0.4755 0.0125122 0.991738 1.59641e-10 9.89101e-06
0.4756 0.0125128 0.991736 1.59475e-10 9.94908e-06
0.4757 0.0125134 0.991735 1.60826e-10 1.00717e-05
0.4758 0.012514 0.991734 1.60912e-10 1.01178e-05
0.4759 0.0125147 0.991733 1.62203e-10 1.01646e-05
0.476 0.0125153 0.991732 1.61766e-10 1.02125e-05
0.4761 0.0125159 0.991731 1.62895e-10 1.02608e-05
0.4762 0.0125165 0.99173 1.62927e-10 1.03067e-05
0.4763 0.0125171 0.991729 1.61741e-10 9.80184e-06
0.4764 0.0125177 0.991728 1.61803e-10 9.8571e-06
0.4765 0.0125184 0.991726 1.63112e-10 9.90001e-06
0.4766 0.012519 0.991725 1.64169e-10 9.95002e-06
0.4767 0.0125196 0.991724 1.61613e-10 9.71454e-06
0.4768 0.0125202 0.991723 1.62459e-10 9.81025e-06
0.4769 0.0125208 0.991722 1.62785e-10 9.84471e-06
0.477 0.0125214 0.991721 1.62893e-10 9.91037e-06
0.4771 0.012522 0.99172 1.64383e-10 9.96659e-06
0.4772 0.0125226 0.991719 1.65401e-10 1.00924e-05
0.4773 0.0125233 0.991717 1.65786e-10 1.01616e-05
0.4774 0.0125239 0.991716 1.66133e-10 1.02364e-05
0.4775 0.0125245 0.991715 1.65831e-10 1.02826e-05
0.4776 0.0125251 0.991714 1.66038e-10 1.03902e-05
0.4777 0.0125257 0.991713 1.67143e-10 1.04941e-05
0.4778 0.0125263 0.991712 1.66618e-10 1.05319e-05
0.4779 0.0125269 0.991711 1.6476e-10 1.06817e-05
0.478 0.0125276 0.99171 1.6495e-10 1.05945e-05
0.4781 0.0125282 0.991709 1.65372e-10 1.07227e-05
0.4782 0.0125288 0.991707 1.65685e-10 1.08106e-05
0.4783 0.0125294 0.991706 1.66309e-10 1.09049e-05
0.4784 0.01253 0.991705 1.66243e-10 1.0894e-05
0.4785 0.0125306 0.991704 1.68555e-10 1.10826e-05
0.4786 0.0125312 0.991703 1.68781e-10 1.11756e-05
0.4787 0.0125318 0.991702 1.68688e-10 1.11652e-05
0.4788 0.0125325 0.991701 1.68971e-10 1.13102e-05
0.4789 0.0125331 0.9917 1.69197e-10 1.14201e-05
0.479 0.0125337 0.991698 1.69787e-10 1.14607e-05
0.4791 0.0125343 0.991697 1.69529e-10 1.15458e-05
0.4792 0.0125349 0.991696 1.68976e-10 1.14318e-05
0.4793 0.0125355 0.991695 1.69982e-10 1.15766e-05
0.4794 0.0125361 0.991694 1.69876e-10 1.15602e-05
0.4795 0.0125367 0.991693 1.68905e-10 1.14804e-05
0.4796 0.0125374 0.991692 1.69845e-10 1.15853e-05
0.4797 0.012538 0.991691 1.70472e-10 1.16853e-05
0.4798 0.0125386 0.99169 1.71476e-10 1.18985e-05
0.4799 0.0125392 0.991688 1.6872e-10 1.19589e-05
0.48 0.0125398 0.991687 1.69791e-10 1.20921e-05
0.4801 0.0125404 0.991686 1.69811e-10 1.19572e-05
0.4802 0.012541 0.991685 1.70644e-10 1.21307e-05
0.4803 0.0125416 0.991684 1.72549e-10 1.24028e-05
0.4804 0.0125422 0.991683 1.73673e-10 1.26109e-05
0.4805 0.0125429 0.991682 1.72339e-10 1.24678e-05
0.4806 0.0125435 0.991681 1.74521e-10 1.26753e-05
0.4807 0.0125441 0.99168 1.7531e-10 1.27696e-05
0.4808 0.0125447 0.991678 1.74254e-10 1.25009e-05
0.4809 0.0125453 0.991677 1.73141e-10 1.23756e-05
0.481 0.0125459 0.991676 1.71722e-10 1.2136e-05
0.4811 0.0125465 0.991675 1.7101e-10 1.20232e-05
0.4812 0.0125471 0.991674 1.70099e-10 1.18529e-05
0.4813 0.0125477 0.991673 1.70865e-10 1.19439e-05
0.4814 0.0125483 0.991672 1.70791e-10 1.19891e-05
0.4815 0.0125489 0.991671 1.72079e-10 1.21439e-05
0.4816 0.0125496 0.99167 1.73206e-10 1.22971e-05
0.4817 0.0125502 0.991668 1.73231e-10 1.23507e-05
0.4818 0.0125508 0.991667 1.73405e-10 1.24115e-05
0.4819 0.0125514 0.991666 1.74007e-10 1.25698e-05
0.482 0.012552 0.991665 1.7394e-10 1.25846e-05
0.4821 0.0125526 0.991664 1.74206e-10 1.26236e-05
0.4822 0.0125532 0.991663 1.74968e-10 1.26715e-05
0.4823 0.0125538 0.991662 1.74152e-10 1.25835e-05
0.4824 0.0125544 0.991661 1.74938e-10 1.26884e-05
0.4825 0.012555 0.99166 1.72635e-10 1.18732e-05
0.4826 0.0125556 0.991658 1.73043e-10 1.19245e-05
0.4827 0.0125562 0.991657 1.72946e-10 1.19482e-05
0.4828 0.0125569 0.991656 1.7417e-10 1.20714e-05
0.4829 0.0125575 0.991655 1.72677e-10 1.20878e-05
0.483 0.0125581 0.991654 1.72323e-10 1.18873e-05
0.4831 0.0125587 0.991653 1.70705e-10 1.12111e-05
0.4832 0.0125593 0.991652 1.68868e-10 1.08797e-05
0.4833 0.0125599 0.991651 1.70549e-10 1.0931e-05
0.4834 0.0125605 0.99165 1.69068e-10 1.05773e-05
0.4835 0.0125611 0.991648 1.69167e-10 1.05556e-05
0.4836 0.0125617 0.991647 1.69844e-10 1.06699e-05
0.4837 0.0125623 0.991646 1.70866e-10 1.08328e-05
0.4838 0.0125629 0.991645 1.69506e-10 1.07274e-05
0.4839 0.0125635 0.991644 1.70487e-10 1.07542e-05
0.484 0.0125641 0.991643 1.69491e-10 1.07474e-05
0.4841 0.0125647 0.991642 1.67828e-10 1.04323e-05
0.4842 0.0125653 0.991641 1.69371e-10 1.04778e-05
0.4843 0.012566 0.99164 1.69327e-10 1.04803e-05
0.4844 0.0125666 0.991639 1.677e-10 1.048e-05
0.4845 0.0125672 0.991637 1.675e-10 1.05558e-05
0.4846 0.0125678 0.991636 1.68303e-10 1.06468e-05
0.4847 0.0125684 0.991635 1.69384e-10 1.09689e-05
0.4848 0.012569 0.991634 1.67874e-10 1.09002e-05
0.4849 0.0125696 0.991633 1.69102e-10 1.1085e-05
0.485 0.0125702 0.991632 1.69708e-10 1.12001e-05
0.4851 0.0125708 0.991631 1.68689e-10 1.08023e-05
0.4852 0.0125714 0.99163 1.68424e-10 1.08177e-05
0.4853 0.012572 0.991629 1.6768e-10 1.07293e-05
0.4854 0.0125726 0.991627 1.69303e-10 1.09576e-05
0.4855 0.0125732 0.991626 1.68898e-10 1.10168e-05
0.4856 0.0125738 0.991625 1.69941e-10 1.10791e-05
0.4857 0.0125744 0.991624 1.70539e-10 1.1134e-05
0.4858 0.012575 0.991623 1.70531e-10 1.11899e-05
0.4859 0.0125756 0.991622 1.70717e-10 1.12326e-05
0.486 0.0125762 0.991621 1.70273e-10 1.12209e-05
0.4861 0.0125768 0.99162 1.69049e-10 1.12811e-05
0.4862 0.0125774 0.991619 1.67109e-10 1.05973e-05
0.4863 0.0125781 0.991618 1.6837e-10 1.05833e-05
0.4864 0.0125787 0.991616 1.68478e-10 1.06325e-05
0.4865 0.0125793 0.991615 1.6871e-10 1.06797e-05
0.4866 0.0125799 0.991614 1.66779e-10 1.00852e-05
0.4867 0.0125805 0.991613 1.67109e-10 1.0136e-05
0.4868 0.0125811 0.991612 1.66031e-10 1.02021e-05
0.4869 0.0125817 0.991611 1.67764e-10 1.02635e-05
0.487 0.0125823 0.99161 1.6645e-10 9.80876e-06
0.4871 0.0125829 0.991609 1.67204e-10 1.00309e-05
0.4872 0.0125835 0.991608 1.67611e-10 1.00768e-05
0.4873 0.0125841 0.991607 1.66511e-10 1.01677e-05
0.4874 0.0125847 0.991605 1.67577e-10 1.02362e-05
0.4875 0.0125853 0.991604 1.67716e-10 1.03059e-05
0.4876 0.0125859 0.991603 1.68829e-10 1.0424e-05
0.4877 0.0125865 0.991602 1.68818e-10 1.04944e-05
0.4878 0.0125871 0.991601 1.6886e-10 1.05691e-05
0.4879 0.0125877 0.9916 1.69477e-10 1.06649e-05
0.488 0.0125883 0.991599 1.70318e-10 1.08177e-05
0.4881 0.0125889 0.991598 1.71492e-10 1.09691e-05
0.4882 0.0125895 0.991597 1.7007e-10 1.08232e-05
0.4883 0.0125901 0.991596 1.71042e-10 1.09656e-05
0.4884 0.0125907 0.991595 1.71288e-10 1.10164e-05
0.4885 0.0125913 0.991593 1.68765e-10 1.10512e-05
0.4886 0.0125919 0.991592 1.71456e-10 1.11739e-05
0.4887 0.0125925 0.991591 1.72336e-10 1.12702e-05
0.4888 0.0125931 0.99159 1.72809e-10 1.12888e-05
0.4889 0.0125937 0.991589 1.73795e-10 1.13398e-05
0.489 0.0125943 0.991588 1.74311e-10 1.14487e-05
0.4891 0.0125949 0.991587 1.73635e-10 1.16686e-05
0.4892 0.0125955 0.991586 1.76257e-10 1.18228e-05
0.4893 0.0125961 0.991585 1.75768e-10 1.19797e-05
0.4894 0.0125967 0.991584 1.74349e-10 1.17186e-05
0.4895 0.0125973 0.991582 1.75384e-10 1.19725e-05
0.4896 0.012598 0.991581 1.75065e-10 1.19185e-05
0.4897 0.0125986 0.99158 1.74785e-10 1.19858e-05
0.4898 0.0125992 0.991579 1.76253e-10 1.21168e-05
0.4899 0.0125998 0.991578 1.76644e-10 1.21975e-05
0.49 0.0126004 0.991577 1.76768e-10 1.2269e-05
0.4901 0.012601 0.991576 1.76893e-10 1.23437e-05
0.4902 0.0126016 0.991575 1.76766e-10 1.23954e-05
0.4903 0.0126022 0.991574 1.76655e-10 1.24843e-05
0.4904 0.0126028 0.991573 1.75703e-10 1.16759e-05
0.4905 0.0126034 0.991572 1.75373e-10 1.13169e-05
0.4906 0.012604 0.99157 1.7637e-10 1.15112e-05
0.4907 0.0126046 0.991569 1.77484e-10 1.16254e-05
0.4908 0.0126052 0.991568 1.78186e-10 1.17942e-05
0.4909 0.0126058 0.991567 1.79343e-10 1.18721e-05
0.491 0.0126064 0.991566 1.7997e-10 1.19473e-05
0.4911 0.012607 0.991565 1.79435e-10 1.19635e-05
0.4912 0.0126076 0.991564 1.80452e-10 1.20873e-05
0.4913 0.0126082 0.991563 1.80788e-10 1.21544e-05
0.4914 0.0126088 0.991562 1.82043e-10 1.22939e-05
0.4915 0.0126094 0.991561 1.80249e-10 1.19106e-05
0.4916 0.01261 0.99156 1.77203e-10 1.10129e-05
0.4917 0.0126106 0.991558 1.77542e-10 1.10742e-05
0.4918 0.0126112 0.991557 1.77649e-10 1.11133e-05
0.4919 0.0126118 0.991556 1.78682e-10 1.12458e-05
0.492 0.0126124 0.991555 1.79308e-10 1.14284e-05
0.4921 0.012613 0.991554 1.79403e-10 1.14714e-05
0.4922 0.0126136 0.991553 1.79681e-10 1.15146e-05
0.4923 0.0126142 0.991552 1.79302e-10 1.15759e-05
0.4924 0.0126148 0.991551 1.80764e-10 1.16487e-05
0.4925 0.0126154 0.99155 1.79217e-10 1.16742e-05
0.4926 0.0126159 0.991549 1.80181e-10 1.17565e-05
0.4927 0.0126165 0.991548 1.80095e-10 1.17794e-05
0.4928 0.0126171 0.991546 1.8205e-10 1.18751e-05
0.4929 0.0126177 0.991545 1.82687e-10 1.19258e-05
0.493 0.0126183 0.991544 1.82578e-10 1.18937e-05
0.4931 0.0126189 0.991543 1.81396e-10 1.17132e-05
0.4932 0.0126195 0.991542 1.80971e-10 1.17008e-05
0.4933 0.0126201 0.991541 1.81619e-10 1.17616e-05
0.4934 0.0126207 0.99154 1.81682e-10 1.18047e-05
0.4935 0.0126213 0.991539 1.82605e-10 1.18802e-05
0.4936 0.0126219 0.991538 1.82122e-10 1.19272e-05
0.4937 0.0126225 0.991537 1.82813e-10 1.19718e-05
0.4938 0.0126231 0.991536 1.83076e-10 1.20218e-05
0.4939 0.0126237 0.991535 1.84057e-10 1.20851e-05
0.494 0.0126243 0.991533 1.8513e-10 1.22129e-05
0.4941 0.0126249 0.991532 1.85148e-10 1.22699e-05
0.4942 0.0126255 0.991531 1.85524e-10 1.23299e-05
0.4943 0.0126261 0.99153 1.82403e-10 1.23335e-05
0.4944 0.0126267 0.991529 1.83279e-10 1.24415e-05
0.4945 0.0126273 0.991528 1.83512e-10 1.25089e-05
0.4946 0.0126279 0.991527 1.81759e-10 1.22404e-05
0.4947 0.0126285 0.991526 1.81054e-10 1.1586e-05
0.4948 0.0126291 0.991525 1.80272e-10 1.1555e-05
0.4949 0.0126297 0.991524 1.80661e-10 1.147e-05
0.495 0.0126303 0.991523 1.80161e-10 1.17322e-05
0.4951 0.0126309 0.991522 1.79293e-10 1.16189e-05
0.4952 0.0126315 0.99152 1.79601e-10 1.15254e-05
0.4953 0.0126321 0.991519 1.80249e-10 1.16205e-05
0.4954 0.0126327 0.991518 1.80384e-10 1.16689e-05
0.4955 0.0126333 0.991517 1.80455e-10 1.17353e-05
0.4956 0.0126339 0.991516 1.81051e-10 1.18233e-05
0.4957 0.0126345 0.991515 1.8105e-10 1.16515e-05
0.4958 0.012635 0.991514 1.79825e-10 1.13789e-05
0.4959 0.0126356 0.991513 1.79453e-10 1.12869e-05
0.496 0.0126362 0.991512 1.80071e-10 1.13711e-05
0.4961 0.0126368 0.991511 1.80323e-10 1.14204e-05
0.4962 0.0126374 0.99151 1.80188e-10 1.14572e-05
0.4963 0.012638 0.991509 1.77549e-10 1.14479e-05
0.4964 0.0126386 0.991507 1.77681e-10 1.13321e-05
0.4965 0.0126392 0.991506 1.77528e-10 1.13485e-05
0.4966 0.0126398 0.991505 1.79286e-10 1.14114e-05
0.4967 0.0126404 0.991504 1.79102e-10 1.14576e-05
0.4968 0.012641 0.991503 1.79694e-10 1.15023e-05
0.4969 0.0126416 0.991502 1.77926e-10 1.07197e-05
0.497 0.0126422 0.991501 1.78074e-10 1.08567e-05
0.4971 0.0126428 0.9915 1.78393e-10 1.08957e-05
0.4972 0.0126434 0.991499 1.79073e-10 1.09557e-05
0.4973 0.012644 0.991498 1.79086e-10 1.0986e-05
0.4974 0.0126446 0.991497 1.7915e-10 1.10255e-05
0.4975 0.0126452 0.991496 1.79399e-10 1.10574e-05
0.4976 0.0126458 0.991494 1.79707e-10 1.11209e-05
0.4977 0.0126463 0.991493 1.80065e-10 1.11663e-05
0.4978 0.0126469 0.991492 1.78291e-10 1.12004e-05
0.4979 0.0126475 0.991491 1.79074e-10 1.12602e-05
0.498 0.0126481 0.99149 1.78411e-10 1.13215e-05
0.4981 0.0126487 0.991489 1.78649e-10 1.13566e-05
0.4982 0.0126493 0.991488 1.79005e-10 1.14287e-05
0.4983 0.0126499 0.991487 1.79152e-10 1.14887e-05
0.4984 0.0126505 0.991486 1.80072e-10 1.15623e-05
0.4985 0.0126511 0.991485 1.79503e-10 1.15848e-05
0.4986 0.0126517 0.991484 1.81865e-10 1.19994e-05
0.4987 0.0126523 0.991483 1.82506e-10 1.22144e-05
0.4988 0.0126529 0.991482 1.83646e-10 1.23781e-05
0.4989 0.0126535 0.99148 1.83144e-10 1.24236e-05
0.499 0.0126541 0.991479 1.83077e-10 1.23697e-05
0.4991 0.0126546 0.991478 1.82881e-10 1.22675e-05
0.4992 0.0126552 0.991477 1.82307e-10 1.22877e-05
0.4993 0.0126558 0.991476 1.82727e-10 1.23425e-05
0.4994 0.0126564 0.991475 1.8135e-10 1.24213e-05
0.4995 0.012657 0.991474 1.79415e-10 1.1489e-05
0.4996 0.0126576 0.991473 1.79383e-10 1.12018e-05
0.4997 0.0126582 0.991472 1.79196e-10 1.12385e-05
0.4998 0.0126588 0.991471 1.78707e-10 1.11817e-05
0.4999 0.0126594 0.99147 1.79119e-10 1.11156e-05
0.5 0.01266 0.991469 1.79026e-10 1.11812e-05
0.5 0.01266 0.991469 8.11139e-17 2.25498e-13
0.5001 0.0126606 0.991468 3.37689e-11 1.66317e-06
0.5003 0.0126618 0.991465 1.48642e-10 6.81981e-06
0.5007 0.0126642 0.991461 7.11818e-10 2.73635e-05
0.5011 0.0126666 0.991457 7.17264e-10 2.83252e-05
0.5015 0.0126691 0.991453 7.1964e-10 2.79455e-05
0.5019 0.0126715 0.991449 7.14557e-10 2.66195e-05
0.5023 0.0126739 0.991444 7.19217e-10 2.77372e-05
0.5027 0.0126763 0.99144 7.16259e-10 2.62218e-05
0.5031 0.0126787 0.991436 7.15276e-10 2.60555e-05
0.5035 0.0126811 0.991432 7.2348e-10 2.82824e-05
0.5039 0.0126836 0.991428 7.11917e-10 2.67328e-05
0.5043 0.012686 0.991423 7.0714e-10 2.5245e-05
0.5047 0.0126884 0.991419 6.98603e-10 2.39531e-05
0.5051 0.0126908 0.991415 6.99877e-10 2.46874e-05
0.5055 0.0126932 0.991411 6.9937e-10 2.45781e-05
0.5059 0.0126956 0.991407 6.93115e-10 2.41641e-05
0.5063 0.012698 0.991402 6.94309e-10 2.34183e-05
0.5067 0.0127004 0.991398 6.91562e-10 2.29689e-05
0.5071 0.0127028 0.991394 7.01095e-10 2.25677e-05
0.5075 0.0127052 0.99139 7.12486e-10 2.45756e-05
0.5079 0.0127076 0.991386 7.36197e-10 3.02017e-05
0.5083 0.01271 0.991382 7.50242e-10 3.23975e-05
0.5087 0.0127124 0.991377 7.53144e-10 3.31101e-05
0.5091 0.0127148 0.991373 7.56258e-10 3.51403e-05
0.5095 0.0127172 0.991369 7.63249e-10 3.45704e-05
0.5099 0.0127195 0.991365 7.60411e-10 3.47566e-05
0.5103 0.0127219 0.991361 7.76623e-10 3.6998e-05
0.5107 0.0127243 0.991357 7.75466e-10 3.52934e-05
0.5111 0.0127267 0.991353 7.71744e-10 3.32457e-05
0.5115 0.0127291 0.991348 7.73953e-10 3.36929e-05
0.5119 0.0127315 0.991344 7.68963e-10 3.37703e-05
0.5123 0.0127339 0.99134 7.6766e-10 3.28376e-05
0.5127 0.0127362 0.991336 7.69116e-10 3.39742e-05
0.5131 0.0127386 0.991332 7.82401e-10 3.53177e-05
0.5135 0.012741 0.991328 7.67417e-10 3.34014e-05
0.5139 0.0127434 0.991324 7.59989e-10 3.27955e-05
0.5143 0.0127457 0.991319 7.6366e-10 3.15804e-05
0.5147 0.0127481 0.991315 7.46045e-10 3.00083e-05
0.5151 0.0127505 0.991311 7.48388e-10 3.15894e-05
0.5155 0.0127528 0.991307 7.56051e-10 3.19702e-05
0.5159 0.0127552 0.991303 7.55124e-10 3.13069e-05
0.5163 0.0127576 0.991299 7.55517e-10 3.07286e-05
0.5167 0.0127599 0.991295 7.46568e-10 2.91532e-05
0.5171 0.0127623 0.991291 7.49998e-10 3.1565e-05
0.5175 0.0127646 0.991287 7.41569e-10 2.98339e-05
0.5179 0.012767 0.991283 7.46613e-10 2.79599e-05
0.5183 0.0127693 0.991278 7.47379e-10 2.65485e-05
0.5187 0.0127717 0.991274 7.6015e-10 2.6924e-05
0.5191 0.0127741 0.99127 7.66016e-10 2.85044e-05
0.5195 0.0127764 0.991266 7.70233e-10 2.95139e-05
0.5199 0.0127788 0.991262 7.91938e-10 3.47367e-05
0.5203 0.0127811 0.991258 7.93311e-10 3.57343e-05
0.5207 0.0127835 0.991254 8.07583e-10 3.73973e-05
0.5211 0.0127858 0.99125 8.10274e-10 3.69931e-05
0.5215 0.0127881 0.991246 8.18674e-10 3.72868e-05
0.5219 0.0127905 0.991242 8.23543e-10 3.83375e-05
0.5223 0.0127928 0.991238 8.33375e-10 4.07209e-05
0.5227 0.0127952 0.991234 8.25912e-10 4.07095e-05
0.5231 0.0127975 0.99123 8.2865e-10 4.11082e-05
0.5235 0.0127999 0.991226 8.27872e-10 3.88442e-05
0.5239 0.0128022 0.991222 8.23583e-10 3.65801e-05
0.5243 0.0128045 0.991217 8.2041e-10 3.59155e-05
0.5247 0.0128069 0.991213 8.20842e-10 3.64233e-05
0.5251 0.0128092 0.991209 8.19556e-10 3.54973e-05
0.5255 0.0128115 0.991205 8.25776e-10 3.67442e-05
0.5259 0.0128138 0.991201 8.06014e-10 3.46436e-05
0.5263 0.0128162 0.991197 8.24622e-10 3.90515e-05
0.5267 0.0128185 0.991193 8.07102e-10 3.68014e-05
0.5271 0.0128208 0.991189 8.0964e-10 3.47095e-05
0.5275 0.0128231 0.991185 7.96221e-10 3.25073e-05
0.5279 0.0128254 0.991181 7.97529e-10 3.09033e-05
0.5283 0.0128278 0.991177 8.06344e-10 3.32664e-05
0.5287 0.0128301 0.991173 8.16783e-10 3.58794e-05
0.5291 0.0128324 0.991169 8.27946e-10 3.47746e-05
0.5295 0.0128347 0.991165 8.34227e-10 3.33682e-05
0.5299 0.012837 0.991161 8.1657e-10 3.13581e-05
0.5301 0.0128382 0.991159 1.75619e-10 8.05199e-06
0.5305 0.0128405 0.991155 8.41882e-10 3.19639e-05
0.5309 0.0128428 0.991151 8.36513e-10 3.27918e-05
0.5311 0.012844 0.991149 1.7358e-10 7.69407e-06
0.5313 0.0128451 0.991147 1.74356e-10 7.84531e-06
0.5315 0.0128463 0.991145 1.71952e-10 7.51444e-06
0.5319 0.0128486 0.991141 8.42394e-10 3.53856e-05
0.5323 0.0128509 0.991137 8.61099e-10 3.96647e-05
0.5327 0.0128532 0.991133 8.60978e-10 3.97182e-05
0.5331 0.0128555 0.991129 8.71192e-10 3.96287e-05
0.5335 0.0128578 0.991125 8.71345e-10 4.09241e-05
0.5337 0.0128589 0.991123 1.84123e-10 1.04627e-05
0.5341 0.0128612 0.991119 8.73794e-10 4.03177e-05
0.5345 0.0128635 0.991115 8.68598e-10 4.05263e-05
0.5349 0.0128658 0.991111 8.76346e-10 4.12038e-05
0.5353 0.0128681 0.991107 8.7385e-10 4.02054e-05
0.5357 0.0128704 0.991103 8.65258e-10 3.99913e-05
0.5361 0.0128727 0.991099 9.04801e-10 4.44653e-05
0.5365 0.012875 0.991095 8.93208e-10 4.28822e-05
0.5369 0.0128773 0.991092 8.79092e-10 4.13407e-05
0.5373 0.0128795 0.991088 8.78681e-10 3.95012e-05
0.5377 0.0128818 0.991084 8.793e-10 3.83096e-05
0.5381 0.0128841 0.99108 8.82965e-10 3.74817e-05
0.5383 0.0128853 0.991078 1.81273e-10 9.09566e-06
0.5387 0.0128875 0.991074 8.62727e-10 3.49619e-05
0.5391 0.0128898 0.99107 8.68693e-10 3.79152e-05
0.5395 0.0128921 0.991066 8.74911e-10 3.78767e-05
0.5399 0.0128943 0.991062 8.86313e-10 4.10474e-05
0.5401 0.0128955 0.99106 1.82336e-10 9.61175e-06
0.5403 0.0128966 0.991058 1.85738e-10 9.32137e-06
0.5405 0.0128978 0.991056 1.8405e-10 9.10513e-06
0.5407 0.0128989 0.991054 1.81078e-10 8.76907e-06
0.5409 0.0129 0.991052 1.82907e-10 8.50891e-06
0.5411 0.0129012 0.99105 1.83856e-10 8.60182e-06
0.5413 0.0129023 0.991048 1.83265e-10 8.63859e-06
0.5415 0.0129034 0.991046 1.81736e-10 8.41081e-06
0.5417 0.0129046 0.991044 1.81519e-10 8.4875e-06
0.5419 0.0129057 0.991042 1.84599e-10 8.56275e-06
0.5421 0.0129068 0.99104 1.82419e-10 8.28664e-06
0.5423 0.012908 0.991038 1.81478e-10 8.20135e-06
0.5425 0.0129091 0.991036 1.83206e-10 8.78002e-06
0.5427 0.0129102 0.991034 1.85498e-10 8.64177e-06
0.5429 0.0129114 0.991033 1.85511e-10 8.45473e-06
0.5431 0.0129125 0.991031 1.86826e-10 8.84814e-06
0.5433 0.0129137 0.991029 1.86425e-10 8.5724e-06
0.5435 0.0129148 0.991027 1.84418e-10 8.27322e-06
0.5437 0.0129159 0.991025 1.82808e-10 7.97485e-06
0.5439 0.012917 0.991023 1.87378e-10 9.36815e-06
0.5441 0.0129182 0.991021 1.90623e-10 1.01356e-05
0.5443 0.0129193 0.991019 1.91845e-10 1.07287e-05
0.5445 0.0129204 0.991017 1.95718e-10 1.13316e-05
0.5447 0.0129216 0.991015 1.9588e-10 1.10008e-05
0.5449 0.0129227 0.991013 1.92838e-10 1.06565e-05
0.5451 0.0129238 0.991011 1.91218e-10 1.04082e-05
0.5453 0.012925 0.991009 1.94272e-10 1.10549e-05
0.5455 0.0129261 0.991007 1.93035e-10 1.0796e-05
0.5457 0.0129272 0.991005 1.92378e-10 1.05793e-05
0.5459 0.0129283 0.991003 1.9184e-10 1.01813e-05
0.5461 0.0129295 0.991001 1.92311e-10 1.05425e-05
0.5463 0.0129306 0.990999 2.01673e-10 1.14868e-05
0.5465 0.0129317 0.990997 1.99792e-10 1.11478e-05
0.5467 0.0129328 0.990995 2.01194e-10 1.08601e-05
0.5469 0.012934 0.990994 2.01142e-10 1.08651e-05
0.5471 0.0129351 0.990992 1.99846e-10 1.09512e-05
0.5473 0.0129362 0.99099 1.96185e-10 1.05965e-05
0.5475 0.0129373 0.990988 1.95161e-10 1.04954e-05
0.5477 0.0129385 0.990986 1.96971e-10 1.09558e-05
0.5479 0.0129396 0.990984 1.94582e-10 1.075e-05
0.5481 0.0129407 0.990982 1.93474e-10 1.05371e-05
0.5483 0.0129418 0.99098 1.93705e-10 1.03084e-05
0.5485 0.012943 0.990978 1.93734e-10 1.05309e-05
0.5487 0.0129441 0.990976 1.91781e-10 1.02222e-05
0.5489 0.0129452 0.990974 1.92863e-10 1.03869e-05
0.5491 0.0129463 0.990972 1.95377e-10 1.03539e-05
0.5493 0.0129474 0.99097 1.94874e-10 1.04534e-05
0.5495 0.0129486 0.990968 1.93038e-10 1.01145e-05
0.5497 0.0129497 0.990966 1.90926e-10 1.00539e-05
0.5499 0.0129508 0.990964 1.95278e-10 1.08831e-05
0.5501 0.0129519 0.990962 1.93599e-10 1.07459e-05
0.5503 0.012953 0.990961 1.92251e-10 1.04891e-05
0.5505 0.0129541 0.990959 1.89637e-10 1.01748e-05
0.5507 0.0129553 0.990957 1.92699e-10 9.90239e-06
0.5509 0.0129564 0.990955 1.91324e-10 9.68843e-06
0.5511 0.0129575 0.990953 1.95525e-10 1.00264e-05
0.5513 0.0129586 0.990951 1.95038e-10 1.00048e-05
0.5515 0.0129597 0.990949 1.95997e-10 9.77744e-06
0.5517 0.0129608 0.990947 1.96015e-10 9.48781e-06
0.5519 0.012962 0.990945 1.9947e-10 9.86588e-06
0.5521 0.0129631 0.990943 1.98102e-10 9.61389e-06
0.5523 0.0129642 0.990941 1.97163e-10 9.39654e-06
0.5525 0.0129653 0.990939 1.9816e-10 9.0717e-06
0.5527 0.0129664 0.990937 1.97352e-10 8.86001e-06
0.5529 0.0129675 0.990936 1.95876e-10 8.68531e-06
0.5531 0.0129687 0.990934 1.98938e-10 9.32043e-06
0.5533 0.0129698 0.990932 2.03023e-10 1.0148e-05
0.5535 0.0129709 0.99093 2.01716e-10 9.87463e-06
0.5537 0.012972 0.990928 2.00093e-10 9.55921e-06
0.5539 0.0129731 0.990926 1.97296e-10 9.23391e-06
0.5541 0.0129742 0.990924 2.00876e-10 9.6175e-06
0.5543 0.0129753 0.990922 2.00309e-10 9.52371e-06
0.5545 0.0129764 0.99092 1.99742e-10 9.92142e-06
0.5547 0.0129776 0.990918 1.97684e-10 9.65593e-06
0.5549 0.0129787 0.990916 1.97141e-10 9.33279e-06
0.5551 0.0129798 0.990914 1.98355e-10 9.04938e-06
0.5553 0.0129809 0.990912 1.95953e-10 8.78961e-06
0.5555 0.012982 0.990911 1.98822e-10 9.20055e-06
0.5557 0.0129831 0.990909 1.97699e-10 9.08256e-06
0.5559 0.0129842 0.990907 1.95792e-10 8.84729e-06
0.5561 0.0129853 0.990905 1.9914e-10 8.70274e-06
0.5563 0.0129865 0.990903 2.03367e-10 9.4002e-06
0.5565 0.0129876 0.990901 2.03241e-10 9.59365e-06
0.5567 0.0129887 0.990899 2.06815e-10 1.04443e-05
0.5569 0.0129898 0.990897 2.06147e-10 1.03341e-05
0.5571 0.0129909 0.990895 2.0651e-10 1.03266e-05
0.5573 0.012992 0.990893 2.06976e-10 1.05938e-05
0.5575 0.0129931 0.990891 2.08167e-10 1.07304e-05
0.5577 0.0129942 0.99089 2.07175e-10 1.06599e-05
0.5579 0.0129953 0.990888 2.07529e-10 1.08527e-05
0.5581 0.0129964 0.990886 2.10869e-10 1.17722e-05
0.5583 0.0129975 0.990884 2.09598e-10 1.19801e-05
0.5585 0.0129986 0.990882 2.09351e-10 1.21402e-05
0.5587 0.0129997 0.99088 2.07247e-10 1.17849e-05
0.5589 0.0130008 0.990878 2.05787e-10 1.14151e-05
0.5591 0.0130019 0.990876 2.08879e-10 1.13685e-05
0.5593 0.013003 0.990874 2.10624e-10 1.15397e-05
0.5595 0.0130041 0.990872 2.08299e-10 1.12088e-05
0.5597 0.0130052 0.99087 2.07637e-10 1.08646e-05
0.5599 0.0130064 0.990869 2.05964e-10 1.05082e-05
0.5601 0.0130075 0.990867 2.05403e-10 1.06946e-05
0.5603 0.0130086 0.990865 2.06323e-10 1.04554e-05
0.5605 0.0130097 0.990863 2.08107e-10 1.08921e-05
0.5607 0.0130108 0.990861 2.11446e-10 1.13738e-05
0.5609 0.0130119 0.990859 2.12898e-10 1.18848e-05
0.5611 0.013013 0.990857 2.09242e-10 1.14984e-05
0.5613 0.0130141 0.990855 2.09946e-10 1.11293e-05
0.5615 0.0130152 0.990853 2.09244e-10 1.08111e-05
0.5617 0.0130162 0.990852 2.06827e-10 1.04764e-05
0.5619 0.0130173 0.99085 2.04111e-10 1.01838e-05
0.5621 0.0130184 0.990848 2.01978e-10 9.87979e-06
0.5623 0.0130195 0.990846 2.00308e-10 9.64902e-06
0.5625 0.0130206 0.990844 2.04166e-10 1.00811e-05
0.5627 0.0130217 0.990842 2.04406e-10 1.00058e-05
0.5629 0.0130228 0.99084 2.02785e-10 9.75816e-06
0.5631 0.0130239 0.990838 2.07022e-10 1.00572e-05
0.5633 0.013025 0.990836 2.04439e-10 9.72391e-06
0.5635 0.0130261 0.990834 2.03312e-10 9.48706e-06
0.5637 0.0130272 0.990833 2.0778e-10 9.79359e-06
0.5639 0.0130283 0.990831 2.07025e-10 9.75964e-06
0.5641 0.0130294 0.990829 2.05095e-10 9.76435e-06
0.5643 0.0130305 0.990827 2.09717e-10 1.00073e-05
0.5645 0.0130316 0.990825 2.18842e-10 1.1029e-05
0.5647 0.0130327 0.990823 2.19732e-10 1.09457e-05
0.5649 0.0130338 0.990821 2.19364e-10 1.09438e-05
0.5651 0.0130349 0.990819 2.15765e-10 1.05687e-05
0.5653 0.013036 0.990818 2.15381e-10 1.02046e-05
0.5655 0.0130371 0.990816 2.14087e-10 9.9267e-06
0.5657 0.0130382 0.990814 2.14111e-10 9.65108e-06
0.5659 0.0130393 0.990812 2.13341e-10 9.5672e-06
0.5661 0.0130404 0.99081 2.14261e-10 9.44314e-06
0.5663 0.0130415 0.990808 2.11545e-10 9.44513e-06
0.5665 0.0130425 0.990806 2.13193e-10 9.19565e-06
0.5667 0.0130436 0.990804 2.13682e-10 9.51047e-06
0.5669 0.0130447 0.990802 2.12077e-10 9.26784e-06
0.5671 0.0130458 0.990801 2.1266e-10 9.15267e-06
0.5673 0.0130469 0.990799 2.12638e-10 9.33604e-06
0.5675 0.013048 0.990797 2.1218e-10 9.24213e-06
0.5677 0.0130491 0.990795 2.09157e-10 9.11874e-06
0.5679 0.0130502 0.990793 2.09274e-10 9.21258e-06
0.5681 0.0130513 0.990791 2.08854e-10 9.29919e-06
0.5683 0.0130524 0.990789 2.06511e-10 9.02111e-06
0.5685 0.0130535 0.990787 2.09028e-10 9.83853e-06
0.5687 0.0130545 0.990786 2.09946e-10 1.03695e-05
0.5689 0.0130556 0.990784 2.09119e-10 1.04459e-05
0.5691 0.0130567 0.990782 2.14785e-10 1.0926e-05
0.5693 0.0130578 0.99078 2.15623e-10 1.1467e-05
0.5695 0.0130589 0.990778 2.16189e-10 1.14207e-05
0.5697 0.01306 0.990776 2.14134e-10 1.11367e-05
0.5699 0.0130611 0.990774 2.16056e-10 1.10796e-05
0.5701 0.0130622 0.990773 2.18385e-10 1.09187e-05
0.5703 0.0130632 0.990771 2.15692e-10 1.05969e-05
0.5705 0.0130643 0.990769 2.13503e-10 1.05761e-05
0.5707 0.0130654 0.990767 2.13645e-10 1.06308e-05
0.5709 0.0130665 0.990765 2.14072e-10 1.09044e-05
0.5711 0.0130676 0.990763 2.16201e-10 1.12337e-05
0.5713 0.0130687 0.990761 2.13978e-10 1.08781e-05
0.5715 0.0130697 0.990759 2.12701e-10 1.0772e-05
0.5717 0.0130708 0.990758 2.13334e-10 1.08528e-05
0.5719 0.0130719 0.990756 2.13815e-10 1.12412e-05
0.5721 0.013073 0.990754 2.16415e-10 1.10624e-05
0.5723 0.0130741 0.990752 2.16807e-10 1.12731e-05
0.5725 0.0130752 0.99075 2.14789e-10 1.0955e-05
0.5727 0.0130762 0.990748 2.17409e-10 1.11653e-05
0.5729 0.0130773 0.990746 2.15919e-10 1.09163e-05
0.5731 0.0130784 0.990745 2.19188e-10 1.1568e-05
0.5733 0.0130795 0.990743 2.16378e-10 1.12475e-05
0.5735 0.0130805 0.990741 2.14372e-10 1.10592e-05
0.5737 0.0130816 0.990739 2.1352e-10 1.08067e-05
0.5739 0.0130827 0.990737 2.15721e-10 1.09052e-05
0.5741 0.0130838 0.990735 2.18374e-10 1.09391e-05
0.5743 0.0130849 0.990733 2.19499e-10 1.08596e-05
0.5745 0.0130859 0.990732 2.18205e-10 1.05266e-05
0.5747 0.013087 0.99073 2.24946e-10 1.1308e-05
0.5749 0.0130881 0.990728 2.2447e-10 1.10449e-05
0.5751 0.0130892 0.990726 2.27987e-10 1.12717e-05
0.5753 0.0130902 0.990724 2.2475e-10 1.08995e-05
0.5755 0.0130913 0.990722 2.23774e-10 1.05072e-05
0.5757 0.0130924 0.99072 2.28384e-10 1.09046e-05
0.5759 0.0130935 0.990719 2.248e-10 1.05198e-05
0.5761 0.0130946 0.990717 2.21648e-10 1.01501e-05
0.5763 0.0130956 0.990715 2.20769e-10 9.79867e-06
0.5765 0.0130967 0.990713 2.19823e-10 9.44145e-06
0.5767 0.0130978 0.990711 2.1894e-10 9.1983e-06
0.5769 0.0130989 0.990709 2.16996e-10 9.03918e-06
0.5771 0.0130999 0.990708 2.16365e-10 9.2196e-06
0.5773 0.013101 0.990706 2.13402e-10 8.91855e-06
0.5775 0.0131021 0.990704 2.11293e-10 8.60534e-06
0.5777 0.0131032 0.990702 2.15642e-10 8.98178e-06
0.5779 0.0131042 0.9907 2.1637e-10 9.4193e-06
0.5781 0.0131053 0.990698 2.16562e-10 9.59445e-06
0.5783 0.0131064 0.990697 2.15082e-10 9.58547e-06
0.5785 0.0131075 0.990695 2.15e-10 9.65505e-06
0.5787 0.0131085 0.990693 2.18596e-10 1.02409e-05
0.5789 0.0131096 0.990691 2.17316e-10 1.01065e-05
0.5791 0.0131107 0.990689 2.16483e-10 9.76763e-06
0.5793 0.0131117 0.990687 2.18727e-10 9.68996e-06
0.5795 0.0131128 0.990686 2.20598e-10 9.92535e-06
0.5797 0.0131139 0.990684 2.17602e-10 9.63431e-06
0.5799 0.013115 0.990682 2.1839e-10 9.38011e-06
0.5801 0.013116 0.99068 2.19114e-10 9.66432e-06
0.5803 0.0131171 0.990678 2.16545e-10 9.30407e-06
0.5805 0.0131182 0.990676 2.13223e-10 8.96048e-06
0.5807 0.0131192 0.990675 2.15231e-10 9.61014e-06
0.5809 0.0131203 0.990673 2.18662e-10 1.00998e-05
0.5811 0.0131214 0.990671 2.17238e-10 1.02281e-05
0.5813 0.0131225 0.990669 2.23367e-10 1.12796e-05
0.5815 0.0131235 0.990667 2.23979e-10 1.11957e-05
0.5817 0.0131246 0.990665 2.22564e-10 1.10543e-05
0.5819 0.0131257 0.990664 2.21465e-10 1.10034e-05
0.5821 0.0131267 0.990662 2.20781e-10 1.09869e-05
0.5823 0.0131278 0.99066 2.16574e-10 1.06251e-05
0.5825 0.0131288 0.990658 2.14511e-10 1.03641e-05
0.5827 0.0131299 0.990656 2.17498e-10 1.13866e-05
0.5829 0.013131 0.990654 2.18626e-10 1.12487e-05
0.5831 0.013132 0.990653 2.2006e-10 1.13744e-05
0.5833 0.0131331 0.990651 2.23715e-10 1.14171e-05
0.5835 0.0131342 0.990649 2.20282e-10 1.11141e-05
0.5837 0.0131352 0.990647 2.19784e-10 1.07975e-05
0.5839 0.0131363 0.990645 2.21606e-10 1.09786e-05
0.5841 0.0131373 0.990643 2.21559e-10 1.08707e-05
0.5843 0.0131384 0.990642 2.20613e-10 1.09813e-05
0.5845 0.0131395 0.99064 2.21018e-10 1.06654e-05
0.5847 0.0131405 0.990638 2.22254e-10 1.07918e-05
0.5849 0.0131416 0.990636 2.21024e-10 1.09503e-05
0.5851 0.0131427 0.990634 2.2084e-10 1.06306e-05
0.5853 0.0131437 0.990633 2.23135e-10 1.10673e-05
0.5855 0.0131448 0.990631 2.22623e-10 1.10746e-05
0.5857 0.0131458 0.990629 2.2177e-10 1.09005e-05
0.5859 0.0131469 0.990627 2.19778e-10 1.06066e-05
0.5861 0.0131479 0.990625 2.17542e-10 1.02575e-05
0.5863 0.013149 0.990623 2.19686e-10 9.94659e-06
0.5865 0.0131501 0.990622 2.24023e-10 1.01069e-05
0.5867 0.0131511 0.99062 2.24504e-10 1.01163e-05
0.5869 0.0131522 0.990618 2.26657e-10 1.03329e-05
0.5871 0.0131532 0.990616 2.25135e-10 1.00452e-05
0.5873 0.0131543 0.990614 2.24238e-10 9.90431e-06
0.5875 0.0131553 0.990613 2.23748e-10 1.00771e-05
0.5877 0.0131564 0.990611 2.25299e-10 9.71284e-06
0.5879 0.0131575 0.990609 2.30723e-10 1.0529e-05
0.5881 0.0131585 0.990607 2.2853e-10 1.05278e-05
0.5883 0.0131596 0.990605 2.33027e-10 1.05335e-05
0.5885 0.0131606 0.990603 2.3288e-10 1.06121e-05
0.5887 0.0131617 0.990602 2.34905e-10 1.06596e-05
0.5889 0.0131628 0.9906 2.34462e-10 1.11141e-05
0.5891 0.0131638 0.990598 2.33581e-10 1.08007e-05
0.5893 0.0131649 0.990596 2.29551e-10 1.04109e-05
0.5895 0.0131659 0.990594 2.26767e-10 1.00293e-05
0.5897 0.013167 0.990593 2.24496e-10 9.77266e-06
0.5899 0.013168 0.990591 2.22551e-10 9.38191e-06
0.5901 0.0131691 0.990589 2.21479e-10 9.09733e-06
0.5903 0.0131701 0.990587 2.26657e-10 9.84942e-06
0.5905 0.0131712 0.990585 2.23392e-10 9.50074e-06
0.5907 0.0131723 0.990584 2.22738e-10 9.23027e-06
0.5909 0.0131733 0.990582 2.20716e-10 8.89654e-06
0.5911 0.0131744 0.99058 2.19786e-10 8.88144e-06
0.5913 0.0131754 0.990578 2.18274e-10 8.83621e-06
0.5915 0.0131765 0.990576 2.14709e-10 8.51048e-06
0.5917 0.0131775 0.990575 2.14304e-10 8.78599e-06
0.5919 0.0131786 0.990573 2.13917e-10 8.46233e-06
0.5921 0.0131796 0.990571 2.12243e-10 8.38168e-06
0.5923 0.0131807 0.990569 2.12997e-10 8.87135e-06
0.5925 0.0131817 0.990567 2.11118e-10 8.73105e-06
0.5927 0.0131828 0.990566 2.09063e-10 8.38875e-06
0.5929 0.0131838 0.990564 2.15361e-10 9.71869e-06
0.5931 0.0131849 0.990562 2.16455e-10 9.93622e-06
0.5933 0.0131859 0.99056 2.20328e-10 1.01956e-05
0.5935 0.013187 0.990559 2.27854e-10 1.09765e-05
0.5937 0.013188 0.990557 2.27954e-10 1.08964e-05
0.5939 0.0131891 0.990555 2.30452e-10 1.09288e-05
0.5941 0.0131901 0.990553 2.29591e-10 1.08302e-05
0.5943 0.0131912 0.990551 2.32335e-10 1.11945e-05
0.5945 0.0131922 0.99055 2.3276e-10 1.11733e-05
0.5947 0.0131932 0.990548 2.32299e-10 1.11007e-05
0.5949 0.0131943 0.990546 2.31234e-10 1.13585e-05
0.5951 0.0131953 0.990544 2.30256e-10 1.1463e-05
0.5953 0.0131964 0.990542 2.29351e-10 1.13504e-05
0.5955 0.0131974 0.990541 2.2652e-10 1.11601e-05
0.5957 0.0131985 0.990539 2.23262e-10 1.08348e-05
0.5959 0.0131995 0.990537 2.24318e-10 1.07312e-05
0.5961 0.0132005 0.990535 2.25382e-10 1.11575e-05
0.5963 0.0132016 0.990533 2.25252e-10 1.07493e-05
0.5965 0.0132026 0.990532 2.24602e-10 1.03929e-05
0.5967 0.0132037 0.99053 2.28264e-10 1.11574e-05
0.5969 0.0132047 0.990528 2.24719e-10 1.07595e-05
0.5971 0.0132058 0.990526 2.22834e-10 1.04489e-05
0.5973 0.0132068 0.990525 2.24217e-10 1.0864e-05
0.5975 0.0132078 0.990523 2.24133e-10 1.0727e-05
0.5977 0.0132089 0.990521 2.24733e-10 1.08584e-05
0.5979 0.0132099 0.990519 2.23181e-10 1.05048e-05
0.5981 0.0132109 0.990517 2.25431e-10 1.06269e-05
0.5983 0.013212 0.990516 2.27463e-10 1.04201e-05
0.5985 0.013213 0.990514 2.26673e-10 1.01072e-05
0.5987 0.0132141 0.990512 2.26393e-10 9.82672e-06
0.5989 0.0132151 0.99051 2.29699e-10 1.04959e-05
0.5991 0.0132161 0.990509 2.3094e-10 1.0119e-05
0.5993 0.0132172 0.990507 2.30484e-10 1.02399e-05
0.5995 0.0132182 0.990505 2.29223e-10 9.95199e-06
0.5997 0.0132193 0.990503 2.28773e-10 1.002e-05
0.5999 0.0132203 0.990501 2.3075e-10 1.0255e-05
0.6001 0.0132213 0.9905 2.28263e-10 9.97447e-06
0.6003 0.0132224 0.990498 2.29019e-10 9.68656e-06
0.6005 0.0132234 0.990496 2.25372e-10 9.34543e-06
0.6007 0.0132245 0.990494 2.23717e-10 9.00854e-06
0.6009 0.0132255 0.990493 2.24086e-10 9.02007e-06
0.6011 0.0132265 0.990491 2.22659e-10 8.82383e-06
0.6013 0.0132276 0.990489 2.21436e-10 8.75739e-06
0.6015 0.0132286 0.990487 2.23001e-10 9.0851e-06
0.6017 0.0132296 0.990486 2.21413e-10 8.88567e-06
0.6019 0.0132307 0.990484 2.2663e-10 9.74705e-06
0.6021 0.0132317 0.990482 2.27801e-10 1.03044e-05
0.6023 0.0132327 0.99048 2.28473e-10 9.99971e-06
0.6025 0.0132338 0.990478 2.28129e-10 9.70765e-06
0.6027 0.0132348 0.990477 2.33352e-10 1.02576e-05
0.6029 0.0132359 0.990475 2.32951e-10 1.01089e-05
0.6031 0.0132369 0.990473 2.30221e-10 9.89769e-06
0.6033 0.0132379 0.990471 2.29847e-10 1.00998e-05
0.6035 0.013239 0.99047 2.2761e-10 9.73989e-06
0.6037 0.01324 0.990468 2.28113e-10 9.42759e-06
0.6039 0.013241 0.990466 2.24896e-10 9.09382e-06
0.6041 0.0132421 0.990464 2.23261e-10 8.96899e-06
0.6043 0.0132431 0.990463 2.24905e-10 9.10266e-06
0.6045 0.0132441 0.990461 2.22447e-10 8.78657e-06
0.6047 0.0132452 0.990459 2.24905e-10 8.79873e-06
0.6049 0.0132462 0.990457 2.25291e-10 8.91265e-06
0.6051 0.0132472 0.990456 2.27896e-10 9.6154e-06
0.6053 0.0132482 0.990454 2.30227e-10 1.00998e-05
0.6055 0.0132493 0.990452 2.32143e-10 1.05933e-05
0.6057 0.0132503 0.99045 2.30813e-10 1.05431e-05
0.6059 0.0132513 0.990449 2.27852e-10 1.03647e-05
0.6061 0.0132524 0.990447 2.28738e-10 1.04864e-05
0.6063 0.0132534 0.990445 2.26763e-10 1.02606e-05
0.6065 0.0132544 0.990443 2.28506e-10 1.01827e-05
0.6067 0.0132554 0.990442 2.33329e-10 1.08708e-05
0.6069 0.0132565 0.99044 2.37375e-10 1.13325e-05
0.6071 0.0132575 0.990438 2.3436e-10 1.10339e-05
0.6073 0.0132585 0.990436 2.30196e-10 1.0658e-05
0.6075 0.0132596 0.990435 2.31101e-10 1.06948e-05
0.6077 0.0132606 0.990433 2.31812e-10 1.0695e-05
0.6079 0.0132616 0.990431 2.28625e-10 1.04014e-05
0.6081 0.0132626 0.990429 2.32062e-10 1.05123e-05
0.6083 0.0132637 0.990428 2.32115e-10 1.06765e-05
0.6085 0.0132647 0.990426 2.29343e-10 1.03235e-05
0.6087 0.0132657 0.990424 2.29454e-10 1.01583e-05
0.6089 0.0132667 0.990422 2.32393e-10 1.06607e-05
0.6091 0.0132678 0.990421 2.3036e-10 1.02879e-05
0.6093 0.0132688 0.990419 2.32617e-10 1.03591e-05
0.6095 0.0132698 0.990417 2.33809e-10 1.05987e-05
0.6097 0.0132708 0.990415 2.30801e-10 1.02313e-05
0.6099 0.0132718 0.990414 2.33134e-10 1.01615e-05
0.6101 0.0132729 0.990412 2.3391e-10 9.82749e-06
0.6103 0.0132739 0.99041 2.38023e-10 9.79001e-06
0.6105 0.0132749 0.990408 2.40671e-10 9.92109e-06
0.6107 0.0132759 0.990407 2.41225e-10 1.01034e-05
0.6109 0.013277 0.990405 2.43423e-10 9.93261e-06
0.6111 0.013278 0.990403 2.47188e-10 1.00378e-05
0.6113 0.013279 0.990401 2.49314e-10 1.00909e-05
0.6115 0.0132801 0.9904 2.4766e-10 1.01355e-05
0.6117 0.0132811 0.990398 2.45741e-10 9.79005e-06
0.6119 0.0132821 0.990396 2.49809e-10 1.03721e-05
0.6121 0.0132831 0.990394 2.48358e-10 1.02852e-05
0.6123 0.0132842 0.990393 2.46454e-10 1.01172e-05
0.6125 0.0132852 0.990391 2.45155e-10 9.9853e-06
0.6127 0.0132862 0.990389 2.48008e-10 1.04287e-05
0.6129 0.0132872 0.990387 2.46154e-10 1.05029e-05
0.6131 0.0132882 0.990386 2.43269e-10 1.01548e-05
0.6133 0.0132893 0.990384 2.40316e-10 9.81943e-06
0.6135 0.0132903 0.990382 2.41423e-10 9.52295e-06
0.6137 0.0132913 0.990381 2.39785e-10 9.49504e-06
0.6139 0.0132923 0.990379 2.40398e-10 9.92205e-06
0.6141 0.0132934 0.990377 2.40356e-10 9.7288e-06
0.6143 0.0132944 0.990375 2.39838e-10 9.46617e-06
0.6145 0.0132954 0.990374 2.37794e-10 9.25649e-06
0.6147 0.0132964 0.990372 2.35805e-10 9.17977e-06
0.6149 0.0132974 0.99037 2.34248e-10 9.12153e-06
0.6151 0.0132985 0.990368 2.33771e-10 8.99266e-06
0.6153 0.0132995 0.990367 2.31936e-10 8.61226e-06
0.6155 0.0133005 0.990365 2.33727e-10 8.94344e-06
0.6157 0.0133015 0.990363 2.3255e-10 8.76484e-06
0.6159 0.0133025 0.990362 2.29145e-10 8.50659e-06
0.6161 0.0133035 0.99036 2.29549e-10 8.94233e-06
0.6163 0.0133046 0.990358 2.3063e-10 8.75374e-06
0.6165 0.0133056 0.990356 2.29479e-10 8.70332e-06
0.6167 0.0133066 0.990355 2.3268e-10 8.9902e-06
0.6169 0.0133076 0.990353 2.31796e-10 8.81845e-06
0.6171 0.0133086 0.990351 2.35852e-10 9.15253e-06
0.6173 0.0133096 0.99035 2.45517e-10 1.02972e-05
0.6175 0.0133107 0.990348 2.43831e-10 1.02586e-05
0.6177 0.0133117 0.990346 2.44813e-10 1.03317e-05
0.6179 0.0133127 0.990344 2.44002e-10 1.02524e-05
0.6181 0.0133137 0.990343 2.45899e-10 1.08043e-05
0.6183 0.0133147 0.990341 2.42336e-10 1.04092e-05
0.6185 0.0133157 0.990339 2.41822e-10 1.05028e-05
0.6187 0.0133167 0.990337 2.40726e-10 1.05497e-05
0.6189 0.0133177 0.990336 2.42756e-10 1.08869e-05
0.6191 0.0133188 0.990334 2.41467e-10 1.06682e-05
0.6193 0.0133198 0.990332 2.40183e-10 1.02968e-05
0.6195 0.0133208 0.990331 2.42322e-10 1.03571e-05
0.6197 0.0133218 0.990329 2.43644e-10 1.02864e-05
0.6199 0.0133228 0.990327 2.47645e-10 1.06902e-05
0.6201 0.0133238 0.990325 2.46918e-10 1.04424e-05
0.6203 0.0133248 0.990324 2.46268e-10 1.02897e-05
0.6205 0.0133258 0.990322 2.45347e-10 1.03602e-05
0.6207 0.0133269 0.99032 2.45982e-10 1.05032e-05
0.6209 0.0133279 0.990319 2.45537e-10 1.0589e-05
0.6211 0.0133289 0.990317 2.47637e-10 1.07959e-05
0.6213 0.0133299 0.990315 2.47602e-10 1.07146e-05
0.6215 0.0133309 0.990313 2.45314e-10 1.04333e-05
0.6217 0.0133319 0.990312 2.46019e-10 1.04118e-05
0.6219 0.0133329 0.99031 2.4719e-10 1.00737e-05
0.6221 0.0133339 0.990308 2.46176e-10 1.0075e-05
0.6223 0.0133349 0.990307 2.47737e-10 9.97122e-06
0.6225 0.0133359 0.990305 2.52716e-10 1.02848e-05
0.6227 0.013337 0.990303 2.54043e-10 1.05014e-05
0.6229 0.013338 0.990301 2.52561e-10 1.01997e-05
0.6231 0.013339 0.9903 2.5235e-10 1.03202e-05
0.6233 0.01334 0.990298 2.53928e-10 9.98213e-06
0.6235 0.013341 0.990296 2.51596e-10 9.72484e-06
0.6237 0.013342 0.990295 2.49931e-10 9.65093e-06
0.6239 0.013343 0.990293 2.54189e-10 9.9796e-06
0.6241 0.013344 0.990291 2.53132e-10 1.00059e-05
0.6243 0.013345 0.99029 2.55774e-10 1.06256e-05
0.6245 0.013346 0.990288 2.5275e-10 1.05172e-05
0.6247 0.013347 0.990286 2.51714e-10 1.0516e-05
0.6249 0.013348 0.990284 2.4929e-10 1.03725e-05
0.6251 0.013349 0.990283 2.52533e-10 1.08367e-05
0.6253 0.0133501 0.990281 2.49578e-10 1.07403e-05
0.6255 0.0133511 0.990279 2.47525e-10 1.04922e-05
0.6257 0.0133521 0.990278 2.4842e-10 1.06991e-05
0.6259 0.0133531 0.990276 2.56183e-10 1.08416e-05
0.6261 0.0133541 0.990274 2.58714e-10 1.14564e-05
0.6263 0.0133551 0.990273 2.59142e-10 1.12532e-05
0.6265 0.0133561 0.990271 2.59653e-10 1.1397e-05
0.6267 0.0133571 0.990269 2.56917e-10 1.11638e-05
0.6269 0.0133581 0.990268 2.532e-10 1.09225e-05
0.6271 0.0133591 0.990266 2.58564e-10 1.13949e-05
0.6273 0.0133601 0.990264 2.5734e-10 1.12629e-05
0.6275 0.0133611 0.990262 2.55488e-10 1.12354e-05
0.6277 0.0133621 0.990261 2.52242e-10 1.09375e-05
0.6279 0.0133631 0.990259 2.48685e-10 1.07057e-05
0.6281 0.0133641 0.990257 2.49383e-10 1.07285e-05
0.6283 0.0133651 0.990256 2.49322e-10 1.08094e-05
0.6285 0.0133661 0.990254 2.48996e-10 1.07214e-05
0.6287 0.0133671 0.990252 2.4824e-10 1.07053e-05
0.6289 0.0133681 0.990251 2.46679e-10 1.04027e-05
0.6291 0.0133691 0.990249 2.51746e-10 1.02041e-05
0.6293 0.0133701 0.990247 2.52096e-10 1.00177e-05
0.6295 0.0133711 0.990246 2.54514e-10 1.00687e-05
0.6297 0.0133721 0.990244 2.54221e-10 1.00101e-05
0.6299 0.0133731 0.990242 2.50853e-10 9.74819e-06
0.6301 0.0133741 0.99024 2.52628e-10 1.00496e-05
0.6303 0.0133751 0.990239 2.54428e-10 1.01571e-05
0.6305 0.0133761 0.990237 2.59153e-10 1.10598e-05
0.6307 0.0133771 0.990235 2.56477e-10 1.06754e-05
0.6309 0.0133781 0.990234 2.57759e-10 1.07602e-05
0.6311 0.0133791 0.990232 2.57468e-10 1.04517e-05
0.6313 0.0133801 0.99023 2.56922e-10 1.02541e-05
0.6315 0.0133811 0.990229 2.58003e-10 1.03071e-05
0.6317 0.0133821 0.990227 2.54845e-10 1.01799e-05
0.6319 0.0133831 0.990225 2.54962e-10 1.02698e-05
0.6321 0.0133841 0.990224 2.56036e-10 1.03152e-05
0.6323 0.0133851 0.990222 2.5583e-10 1.05344e-05
0.6325 0.0133861 0.99022 2.58561e-10 1.06393e-05
0.6327 0.0133871 0.990219 2.56832e-10 1.08787e-05
0.6329 0.0133881 0.990217 2.5486e-10 1.08907e-05
0.6331 0.013389 0.990215 2.548e-10 1.06809e-05
0.6333 0.01339 0.990214 2.56716e-10 1.08948e-05
0.6335 0.013391 0.990212 2.55529e-10 1.07589e-05
0.6337 0.013392 0.99021 2.5867e-10 1.11649e-05
0.6339 0.013393 0.990209 2.60788e-10 1.13228e-05
0.6341 0.013394 0.990207 2.62099e-10 1.13245e-05
0.6343 0.013395 0.990205 2.60592e-10 1.09617e-05
0.6345 0.013396 0.990204 2.63317e-10 1.12513e-05
0.6347 0.013397 0.990202 2.64772e-10 1.15577e-05
0.6349 0.013398 0.9902 2.68658e-10 1.12907e-05
0.6351 0.013399 0.990198 2.70608e-10 1.17725e-05
0.6353 0.0134 0.990197 2.6724e-10 1.14893e-05
0.6355 0.013401 0.990195 2.70483e-10 1.1582e-05
0.6357 0.013402 0.990193 2.668e-10 1.12577e-05
0.6359 0.013403 0.990192 2.64119e-10 1.08811e-05
0.6361 0.0134039 0.99019 2.62003e-10 1.02946e-05
0.6363 0.0134049 0.990188 2.61518e-10 1.04404e-05
0.6365 0.0134059 0.990187 2.58426e-10 1.01273e-05
0.6367 0.0134069 0.990185 2.62849e-10 1.03491e-05
0.6369 0.0134079 0.990183 2.61562e-10 1.03052e-05
0.6371 0.0134089 0.990182 2.58995e-10 1.03255e-05
0.6373 0.0134099 0.99018 2.59154e-10 1.05591e-05
0.6375 0.0134109 0.990178 2.58402e-10 1.06541e-05
0.6377 0.0134119 0.990177 2.58939e-10 1.06064e-05
0.6379 0.0134129 0.990175 2.55245e-10 1.02138e-05
0.6381 0.0134138 0.990173 2.5441e-10 1.02192e-05
0.6383 0.0134148 0.990172 2.5438e-10 1.05339e-05
0.6385 0.0134158 0.99017 2.51253e-10 1.03555e-05
0.6387 0.0134168 0.990168 2.49631e-10 1.01337e-05
0.6389 0.0134178 0.990167 2.48228e-10 9.89097e-06
0.6391 0.0134188 0.990165 2.49492e-10 9.51794e-06
0.6393 0.0134198 0.990164 2.51391e-10 9.98453e-06
0.6395 0.0134207 0.990162 2.52205e-10 1.00989e-05
0.6397 0.0134217 0.99016 2.49993e-10 9.84997e-06
0.6399 0.0134227 0.990159 2.46911e-10 9.72093e-06
0.6401 0.0134237 0.990157 2.50303e-10 1.03018e-05
0.6403 0.0134247 0.990155 2.50696e-10 1.06303e-05
0.6405 0.0134257 0.990154 2.50288e-10 1.06682e-05
0.6407 0.0134267 0.990152 2.51374e-10 1.05809e-05
0.6409 0.0134276 0.99015 2.50734e-10 1.06342e-05
0.6411 0.0134286 0.990149 2.53929e-10 1.05922e-05
0.6413 0.0134296 0.990147 2.5552e-10 1.04841e-05
0.6415 0.0134306 0.990145 2.55523e-10 1.04641e-05
0.6417 0.0134316 0.990144 2.59035e-10 1.04929e-05
0.6419 0.0134326 0.990142 2.57953e-10 1.02654e-05
0.6421 0.0134335 0.99014 2.59638e-10 1.0192e-05
0.6423 0.0134345 0.990139 2.59646e-10 1.02155e-05
0.6425 0.0134355 0.990137 2.62816e-10 1.06674e-05
0.6427 0.0134365 0.990135 2.61028e-10 1.03589e-05
0.6429 0.0134375 0.990134 2.61085e-10 1.03002e-05
0.6431 0.0134384 0.990132 2.62307e-10 1.03405e-05
0.6433 0.0134394 0.99013 2.61654e-10 1.02234e-05
0.6435 0.0134404 0.990129 2.62511e-10 1.0417e-05
0.6437 0.0134414 0.990127 2.60076e-10 1.03025e-05
0.6439 0.0134424 0.990125 2.61441e-10 1.04569e-05
0.6441 0.0134433 0.990124 2.60453e-10 1.02991e-05
0.6443 0.0134443 0.990122 2.6388e-10 1.04491e-05
0.6445 0.0134453 0.990121 2.68011e-10 1.09689e-05
0.6447 0.0134463 0.990119 2.66531e-10 1.08831e-05
0.6449 0.0134473 0.990117 2.61715e-10 1.05012e-05
0.6451 0.0134482 0.990116 2.63673e-10 1.03687e-05
0.6453 0.0134492 0.990114 2.59702e-10 1.00151e-05
0.6455 0.0134502 0.990112 2.62513e-10 1.05555e-05
0.6457 0.0134512 0.990111 2.60969e-10 1.07447e-05
0.6459 0.0134521 0.990109 2.63038e-10 1.0852e-05
0.6461 0.0134531 0.990107 2.65073e-10 1.09473e-05
0.6463 0.0134541 0.990106 2.66592e-10 1.09514e-05
0.6465 0.0134551 0.990104 2.69681e-10 1.13283e-05
0.6467 0.0134561 0.990102 2.67993e-10 1.13354e-05
0.6469 0.013457 0.990101 2.65912e-10 1.13375e-05
0.6471 0.013458 0.990099 2.62483e-10 1.11307e-05
0.6473 0.013459 0.990097 2.60471e-10 1.09484e-05
0.6475 0.01346 0.990096 2.6078e-10 1.13631e-05
0.6477 0.0134609 0.990094 2.64231e-10 1.14732e-05
0.6479 0.0134619 0.990093 2.65221e-10 1.16775e-05
0.6481 0.0134629 0.990091 2.66981e-10 1.21561e-05
0.6483 0.0134639 0.990089 2.63635e-10 1.19049e-05
0.6485 0.0134648 0.990088 2.64052e-10 1.20845e-05
0.6487 0.0134658 0.990086 2.66577e-10 1.2296e-05
0.6489 0.0134668 0.990084 2.66815e-10 1.22873e-05
0.6491 0.0134678 0.990083 2.67995e-10 1.25051e-05
0.6493 0.0134687 0.990081 2.69738e-10 1.28608e-05
0.6495 0.0134697 0.990079 2.69125e-10 1.28172e-05
0.6497 0.0134707 0.990078 2.71016e-10 1.21245e-05
0.6499 0.0134717 0.990076 2.7175e-10 1.1981e-05
0.6501 0.0134726 0.990075 2.68819e-10 1.17673e-05
0.6503 0.0134736 0.990073 2.67953e-10 1.18471e-05
0.6505 0.0134746 0.990071 2.66426e-10 1.15671e-05
0.6507 0.0134755 0.99007 2.63368e-10 1.08612e-05
0.6509 0.0134765 0.990068 2.65593e-10 1.1149e-05
0.6511 0.0134775 0.990066 2.62873e-10 1.07243e-05
0.6513 0.0134785 0.990065 2.60103e-10 1.02935e-05
0.6515 0.0134794 0.990063 2.61513e-10 1.06353e-05
0.6517 0.0134804 0.990062 2.60803e-10 1.05308e-05
0.6519 0.0134814 0.99006 2.5813e-10 1.02037e-05
0.6521 0.0134823 0.990058 2.56049e-10 1.00642e-05
0.6523 0.0134833 0.990057 2.52588e-10 9.80667e-06
0.6525 0.0134843 0.990055 2.56361e-10 9.73133e-06
0.6527 0.0134852 0.990053 2.54496e-10 9.56859e-06
0.6529 0.0134862 0.990052 2.53151e-10 9.46175e-06
0.6531 0.0134872 0.99005 2.57794e-10 9.71717e-06
0.6533 0.0134881 0.990049 2.6055e-10 9.86134e-06
0.6535 0.0134891 0.990047 2.67104e-10 1.05094e-05
0.6537 0.0134901 0.990045 2.66162e-10 1.03629e-05
0.6539 0.013491 0.990044 2.70696e-10 1.06008e-05
0.6541 0.013492 0.990042 2.72038e-10 1.07313e-05
0.6543 0.013493 0.99004 2.72474e-10 1.0808e-05
0.6545 0.0134939 0.990039 2.71918e-10 1.10175e-05
0.6547 0.0134949 0.990037 2.68981e-10 1.06842e-05
0.6549 0.0134959 0.990036 2.72682e-10 1.11525e-05
0.6551 0.0134968 0.990034 2.72349e-10 1.14576e-05
0.6553 0.0134978 0.990032 2.7244e-10 1.14142e-05
0.6555 0.0134988 0.990031 2.74578e-10 1.1923e-05
0.6557 0.0134997 0.990029 2.72342e-10 1.18728e-05
0.6559 0.0135007 0.990027 2.73942e-10 1.17635e-05
0.6561 0.0135017 0.990026 2.73651e-10 1.21e-05
0.6563 0.0135026 0.990024 2.72621e-10 1.20829e-05
0.6565 0.0135036 0.990023 2.68606e-10 1.18607e-05
0.6567 0.0135045 0.990021 2.69948e-10 1.18833e-05
0.6569 0.0135055 0.990019 2.66678e-10 1.16153e-05
0.6571 0.0135065 0.990018 2.66179e-10 1.09171e-05
0.6573 0.0135074 0.990016 2.65794e-10 1.08743e-05
0.6575 0.0135084 0.990015 2.6857e-10 1.10281e-05
0.6577 0.0135093 0.990013 2.69787e-10 1.12619e-05
0.6579 0.0135103 0.990011 2.74172e-10 1.17325e-05
0.6581 0.0135113 0.99001 2.7703e-10 1.22915e-05
0.6583 0.0135122 0.990008 2.75612e-10 1.21294e-05
0.6585 0.0135132 0.990006 2.7232e-10 1.17922e-05
0.6587 0.0135142 0.990005 2.78459e-10 1.18109e-05
0.6589 0.0135151 0.990003 2.78174e-10 1.16503e-05
0.6591 0.0135161 0.990002 2.77486e-10 1.16839e-05
0.6593 0.013517 0.99 2.74182e-10 1.14923e-05
0.6595 0.013518 0.989998 2.75253e-10 1.13796e-05
0.6597 0.013519 0.989997 2.75812e-10 1.16881e-05
0.6599 0.0135199 0.989995 2.77184e-10 1.21001e-05
0.6601 0.0135209 0.989994 2.76131e-10 1.23011e-05
0.6603 0.0135218 0.989992 2.74896e-10 1.24247e-05
0.6605 0.0135228 0.98999 2.74845e-10 1.21041e-05
0.6607 0.0135238 0.989989 2.7414e-10 1.22052e-05
0.6609 0.0135247 0.989987 2.72253e-10 1.2255e-05
0.6611 0.0135257 0.989986 2.71284e-10 1.20418e-05
0.6613 0.0135266 0.989984 2.70547e-10 1.20531e-05
0.6615 0.0135276 0.989982 2.6882e-10 1.19811e-05
0.6617 0.0135286 0.989981 2.68175e-10 1.19495e-05
0.6619 0.0135295 0.989979 2.67215e-10 1.20569e-05
0.6621 0.0135305 0.989978 2.65247e-10 1.18627e-05
0.6623 0.0135314 0.989976 2.60223e-10 1.10915e-05
0.6625 0.0135324 0.989974 2.67429e-10 1.16307e-05
0.6627 0.0135333 0.989973 2.6505e-10 1.13797e-05
0.6629 0.0135343 0.989971 2.63269e-10 1.10519e-05
0.6631 0.0135352 0.98997 2.64984e-10 1.13872e-05
0.6633 0.0135362 0.989968 2.67096e-10 1.18911e-05
0.6635 0.0135371 0.989966 2.69858e-10 1.20018e-05
0.6637 0.0135381 0.989965 2.68766e-10 1.20513e-05
0.6639 0.0135391 0.989963 2.68993e-10 1.20189e-05
0.6641 0.01354 0.989962 2.70616e-10 1.22421e-05
0.6643 0.013541 0.98996 2.67121e-10 1.1981e-05
0.6645 0.0135419 0.989958 2.66275e-10 1.20552e-05
0.6647 0.0135429 0.989957 2.66503e-10 1.19313e-05
0.6649 0.0135438 0.989955 2.68503e-10 1.20439e-05
0.6651 0.0135448 0.989954 2.70162e-10 1.1803e-05
0.6653 0.0135457 0.989952 2.70761e-10 1.1744e-05
0.6655 0.0135467 0.98995 2.71123e-10 1.15951e-05
0.6657 0.0135476 0.989949 2.75941e-10 1.15144e-05
0.6659 0.0135486 0.989947 2.78406e-10 1.16827e-05
0.6661 0.0135495 0.989946 2.78438e-10 1.16877e-05
0.6663 0.0135505 0.989944 2.77341e-10 1.11407e-05
0.6665 0.0135514 0.989942 2.73994e-10 1.08698e-05
0.6667 0.0135524 0.989941 2.71432e-10 1.05452e-05
0.6669 0.0135533 0.989939 2.68505e-10 1.0543e-05
0.6671 0.0135543 0.989938 2.72987e-10 1.10618e-05
0.6673 0.0135552 0.989936 2.72007e-10 1.07922e-05
0.6675 0.0135562 0.989934 2.71809e-10 1.0944e-05
0.6677 0.0135571 0.989933 2.74704e-10 1.07723e-05
0.6679 0.0135581 0.989931 2.72249e-10 1.06608e-05
0.6681 0.013559 0.98993 2.71813e-10 1.07413e-05
0.6683 0.01356 0.989928 2.76592e-10 1.09615e-05
0.6685 0.0135609 0.989927 2.75413e-10 1.10828e-05
0.6687 0.0135619 0.989925 2.74099e-10 1.12814e-05
0.6689 0.0135628 0.989923 2.73871e-10 1.12881e-05
0.6691 0.0135638 0.989922 2.73419e-10 1.12478e-05
0.6693 0.0135647 0.98992 2.74449e-10 1.13679e-05
0.6695 0.0135657 0.989919 2.72969e-10 1.15194e-05
0.6697 0.0135666 0.989917 2.81034e-10 1.18305e-05
0.6699 0.0135675 0.989915 2.81325e-10 1.19363e-05
0.6701 0.0135685 0.989914 2.81199e-10 1.20851e-05
0.6703 0.0135694 0.989912 2.79034e-10 1.19125e-05
0.6705 0.0135704 0.989911 2.78676e-10 1.20345e-05
0.6707 0.0135713 0.989909 2.78465e-10 1.21488e-05
0.6709 0.0135723 0.989907 2.77456e-10 1.22776e-05
0.6711 0.0135732 0.989906 2.75138e-10 1.23414e-05
0.6713 0.0135742 0.989904 2.77498e-10 1.23448e-05
0.6715 0.0135751 0.989903 2.75754e-10 1.23339e-05
0.6717 0.0135761 0.989901 2.7715e-10 1.25455e-05
0.6719 0.013577 0.9899 2.75505e-10 1.25056e-05
0.6721 0.013578 0.989898 2.78264e-10 1.28409e-05
0.6723 0.0135789 0.989896 2.79119e-10 1.28903e-05
0.6725 0.0135798 0.989895 2.75735e-10 1.26742e-05
0.6727 0.0135808 0.989893 2.75947e-10 1.21252e-05
0.6729 0.0135817 0.989892 2.76572e-10 1.23992e-05
0.6731 0.0135827 0.98989 2.79e-10 1.17825e-05
0.6733 0.0135836 0.989889 2.79756e-10 1.19493e-05
0.6735 0.0135846 0.989887 2.79111e-10 1.20075e-05
0.6737 0.0135855 0.989885 2.79413e-10 1.18674e-05
0.6739 0.0135864 0.989884 2.80759e-10 1.16855e-05
0.6741 0.0135874 0.989882 2.77095e-10 1.14387e-05
0.6743 0.0135883 0.989881 2.77642e-10 1.15987e-05
0.6745 0.0135893 0.989879 2.76438e-10 1.16953e-05
0.6747 0.0135902 0.989878 2.77474e-10 1.18323e-05
0.6749 0.0135912 0.989876 2.74515e-10 1.14377e-05
0.6751 0.0135921 0.989874 2.74233e-10 1.15414e-05
0.6753 0.013593 0.989873 2.75546e-10 1.14364e-05
0.6755 0.013594 0.989871 2.73702e-10 1.13597e-05
0.6757 0.0135949 0.98987 2.75408e-10 1.12069e-05
0.6759 0.0135959 0.989868 2.73708e-10 1.11107e-05
0.6761 0.0135968 0.989867 2.71811e-10 1.11033e-05
0.6763 0.0135977 0.989865 2.75432e-10 1.14946e-05
0.6765 0.0135987 0.989863 2.74383e-10 1.14757e-05
0.6767 0.0135996 0.989862 2.75656e-10 1.1657e-05
0.6769 0.0136005 0.98986 2.77702e-10 1.18692e-05
0.6771 0.0136015 0.989859 2.78193e-10 1.17046e-05
0.6773 0.0136024 0.989857 2.80524e-10 1.19499e-05
0.6775 0.0136034 0.989856 2.79481e-10 1.18426e-05
0.6777 0.0136043 0.989854 2.78018e-10 1.10225e-05
0.6779 0.0136052 0.989852 2.7527e-10 1.09306e-05
0.6781 0.0136062 0.989851 2.73002e-10 1.07498e-05
0.6783 0.0136071 0.989849 2.72456e-10 1.07367e-05
0.6785 0.013608 0.989848 2.75271e-10 1.08124e-05
0.6787 0.013609 0.989846 2.74613e-10 1.08525e-05
0.6789 0.0136099 0.989845 2.73105e-10 1.04001e-05
0.6791 0.0136108 0.989843 2.73812e-10 1.04139e-05
0.6793 0.0136118 0.989841 2.7233e-10 1.03051e-05
0.6795 0.0136127 0.98984 2.75073e-10 1.05497e-05
0.6797 0.0136136 0.989838 2.7301e-10 1.03085e-05
0.6799 0.0136146 0.989837 2.71165e-10 1.02885e-05
0.6801 0.0136155 0.989835 2.71325e-10 1.02032e-05
0.6803 0.0136164 0.989834 2.70895e-10 1.04586e-05
0.6805 0.0136174 0.989832 2.69997e-10 1.05862e-05
0.6807 0.0136183 0.989831 2.72504e-10 1.08954e-05
0.6809 0.0136192 0.989829 2.81295e-10 1.16743e-05
0.6811 0.0136202 0.989827 2.84041e-10 1.23479e-05
0.6813 0.0136211 0.989826 2.85978e-10 1.24551e-05
0.6815 0.013622 0.989824 2.87321e-10 1.28761e-05
0.6817 0.013623 0.989823 2.86051e-10 1.25813e-05
0.6819 0.0136239 0.989821 2.88485e-10 1.29188e-05
0.6821 0.0136248 0.98982 2.89626e-10 1.29446e-05
0.6823 0.0136258 0.989818 2.90805e-10 1.28025e-05
0.6825 0.0136267 0.989817 2.90429e-10 1.27157e-05
0.6827 0.0136276 0.989815 2.92192e-10 1.28085e-05
0.6829 0.0136286 0.989813 2.92868e-10 1.31182e-05
0.6831 0.0136295 0.989812 2.94575e-10 1.33375e-05
0.6833 0.0136304 0.98981 2.90471e-10 1.28482e-05
0.6835 0.0136314 0.989809 2.90909e-10 1.29365e-05
0.6837 0.0136323 0.989807 2.89634e-10 1.30045e-05
0.6839 0.0136332 0.989806 2.85695e-10 1.15607e-05
0.6841 0.0136341 0.989804 2.85456e-10 1.12931e-05
0.6843 0.0136351 0.989803 2.84779e-10 1.13982e-05
0.6845 0.013636 0.989801 2.81867e-10 1.12286e-05
0.6847 0.0136369 0.989799 2.82351e-10 1.13362e-05
0.6849 0.0136379 0.989798 2.79037e-10 1.11337e-05
0.6851 0.0136388 0.989796 2.75954e-10 1.09425e-05
0.6853 0.0136397 0.989795 2.77375e-10 1.13739e-05
0.6855 0.0136407 0.989793 2.7664e-10 1.12555e-05
0.6857 0.0136416 0.989792 2.76538e-10 1.14306e-05
0.6859 0.0136425 0.98979 2.81193e-10 1.1215e-05
0.6861 0.0136434 0.989789 2.81618e-10 1.1594e-05
0.6863 0.0136444 0.989787 2.84413e-10 1.23479e-05
0.6865 0.0136453 0.989786 2.85207e-10 1.27407e-05
0.6867 0.0136462 0.989784 2.85629e-10 1.27761e-05
0.6869 0.0136471 0.989782 2.85447e-10 1.26178e-05
0.6871 0.0136481 0.989781 2.8696e-10 1.27704e-05
0.6873 0.013649 0.989779 2.8515e-10 1.27806e-05
0.6875 0.0136499 0.989778 2.85251e-10 1.29495e-05
0.6877 0.0136509 0.989776 2.84299e-10 1.28865e-05
0.6879 0.0136518 0.989775 2.80988e-10 1.27222e-05
0.6881 0.0136527 0.989773 2.83406e-10 1.28289e-05
0.6883 0.0136536 0.989772 2.82386e-10 1.27489e-05
0.6885 0.0136546 0.98977 2.84382e-10 1.28783e-05
0.6887 0.0136555 0.989769 2.8217e-10 1.29301e-05
0.6889 0.0136564 0.989767 2.86076e-10 1.28758e-05
0.6891 0.0136573 0.989765 2.85138e-10 1.27036e-05
0.6893 0.0136582 0.989764 2.89297e-10 1.25226e-05
0.6895 0.0136592 0.989762 2.89528e-10 1.24385e-05
0.6897 0.0136601 0.989761 2.87531e-10 1.22807e-05
0.6899 0.013661 0.989759 2.87512e-10 1.23647e-05
0.6901 0.0136619 0.989758 2.87893e-10 1.22265e-05
0.6903 0.0136629 0.989756 2.88712e-10 1.2236e-05
0.6905 0.0136638 0.989755 2.89578e-10 1.22103e-05
0.6907 0.0136647 0.989753 2.911e-10 1.195e-05
0.6909 0.0136656 0.989752 2.93181e-10 1.18286e-05
0.6911 0.0136665 0.98975 2.89993e-10 1.15928e-05
0.6913 0.0136675 0.989749 2.8692e-10 1.07928e-05
0.6915 0.0136684 0.989747 2.85827e-10 1.09384e-05
0.6917 0.0136693 0.989745 2.82591e-10 1.07634e-05
0.6919 0.0136702 0.989744 2.85109e-10 1.11941e-05
0.6921 0.0136711 0.989742 2.86461e-10 1.17289e-05
0.6923 0.0136721 0.989741 2.84705e-10 1.15822e-05
0.6925 0.013673 0.989739 2.89331e-10 1.20424e-05
0.6927 0.0136739 0.989738 2.90219e-10 1.22053e-05
0.6929 0.0136748 0.989736 2.90875e-10 1.22518e-05
0.6931 0.0136757 0.989735 2.91912e-10 1.22737e-05
0.6933 0.0136766 0.989733 2.92242e-10 1.2239e-05
0.6935 0.0136776 0.989732 2.91272e-10 1.23228e-05
0.6937 0.0136785 0.98973 2.90152e-10 1.2203e-05
0.6939 0.0136794 0.989729 2.92147e-10 1.25273e-05
0.6941 0.0136803 0.989727 2.92403e-10 1.21963e-05
0.6943 0.0136812 0.989726 2.90688e-10 1.2193e-05
0.6945 0.0136822 0.989724 2.89845e-10 1.22604e-05
0.6947 0.0136831 0.989722 2.89627e-10 1.23429e-05
0.6949 0.013684 0.989721 2.89399e-10 1.19215e-05
0.6951 0.0136849 0.989719 2.94059e-10 1.24607e-05
0.6953 0.0136858 0.989718 2.93195e-10 1.24929e-05
0.6955 0.0136867 0.989716 2.93377e-10 1.24201e-05
0.6957 0.0136877 0.989715 2.91848e-10 1.22147e-05
0.6959 0.0136886 0.989713 2.92443e-10 1.20178e-05
0.6961 0.0136895 0.989712 2.93631e-10 1.20929e-05
0.6963 0.0136904 0.98971 2.95121e-10 1.20785e-05
0.6965 0.0136913 0.989709 2.95924e-10 1.23642e-05
0.6967 0.0136922 0.989707 2.98158e-10 1.24687e-05
0.6969 0.0136932 0.989706 3.00884e-10 1.24267e-05
0.6971 0.0136941 0.989704 3.01437e-10 1.27928e-05
0.6973 0.013695 0.989703 2.97025e-10 1.25888e-05
0.6975 0.0136959 0.989701 2.93817e-10 1.24765e-05
0.6977 0.0136968 0.9897 2.91456e-10 1.23299e-05
0.6979 0.0136977 0.989698 2.9054e-10 1.23677e-05
0.6981 0.0136986 0.989697 2.90316e-10 1.26044e-05
0.6983 0.0136996 0.989695 2.89174e-10 1.27793e-05
0.6985 0.0137005 0.989694 2.85681e-10 1.19747e-05
0.6987 0.0137014 0.989692 2.90229e-10 1.22749e-05
0.6989 0.0137023 0.98969 2.92075e-10 1.24127e-05
0.6991 0.0137032 0.989689 2.88124e-10 1.20007e-05
0.6993 0.0137041 0.989687 2.91448e-10 1.24833e-05
0.6995 0.013705 0.989686 2.87897e-10 1.23176e-05
0.6997 0.013706 0.989684 2.93178e-10 1.27048e-05
0.6999 0.0137069 0.989683 2.9493e-10 1.32212e-05
0.7001 0.0137078 0.989681 2.97999e-10 1.34585e-05
0.7003 0.0137087 0.98968 2.93598e-10 1.26177e-05
0.7005 0.0137096 0.989678 2.90318e-10 1.25061e-05
0.7007 0.0137105 0.989677 2.89402e-10 1.23373e-05
0.7009 0.0137114 0.989675 2.91615e-10 1.21879e-05
0.7011 0.0137123 0.989674 2.92726e-10 1.21057e-05
0.7013 0.0137132 0.989672 2.90578e-10 1.21176e-05
0.7015 0.0137141 0.989671 2.92947e-10 1.20539e-05
0.7017 0.0137151 0.989669 2.95307e-10 1.24145e-05
0.7019 0.013716 0.989668 2.95505e-10 1.28145e-05
0.7021 0.0137169 0.989666 2.93691e-10 1.28232e-05
0.7023 0.0137178 0.989665 2.96194e-10 1.30124e-05
0.7025 0.0137187 0.989663 2.97486e-10 1.33064e-05
0.7027 0.0137196 0.989662 2.9477e-10 1.32579e-05
0.7029 0.0137205 0.98966 2.93791e-10 1.32963e-05
0.7031 0.0137214 0.989659 2.93151e-10 1.23764e-05
0.7033 0.0137223 0.989657 2.91993e-10 1.17465e-05
0.7035 0.0137232 0.989656 2.94794e-10 1.20226e-05
0.7037 0.0137241 0.989654 2.94556e-10 1.23e-05
0.7039 0.013725 0.989653 2.91646e-10 1.17782e-05
0.7041 0.0137259 0.989651 2.94487e-10 1.20952e-05
0.7043 0.0137268 0.98965 3.0181e-10 1.24726e-05
0.7045 0.0137277 0.989648 3.03388e-10 1.27362e-05
0.7047 0.0137286 0.989647 3.03984e-10 1.28218e-05
0.7049 0.0137296 0.989645 3.09383e-10 1.32946e-05
0.7051 0.0137305 0.989644 3.07646e-10 1.32573e-05
0.7053 0.0137314 0.989642 3.08594e-10 1.33938e-05
0.7055 0.0137323 0.989641 3.08229e-10 1.36428e-05
0.7057 0.0137332 0.989639 3.11815e-10 1.38825e-05
0.7059 0.0137341 0.989638 3.10402e-10 1.36808e-05
0.7061 0.013735 0.989636 3.09407e-10 1.35306e-05
0.7063 0.0137359 0.989635 3.08916e-10 1.35425e-05
0.7065 0.0137368 0.989633 3.1086e-10 1.36831e-05
0.7067 0.0137377 0.989632 3.09754e-10 1.38244e-05
0.7069 0.0137386 0.98963 3.09922e-10 1.37628e-05
0.7071 0.0137395 0.989629 3.07463e-10 1.36553e-05
0.7073 0.0137404 0.989627 3.05183e-10 1.35148e-05
0.7075 0.0137413 0.989626 3.04208e-10 1.30065e-05
0.7077 0.0137422 0.989624 3.03188e-10 1.32017e-05
0.7079 0.0137431 0.989623 3.00646e-10 1.3052e-05
0.7081 0.013744 0.989621 2.99946e-10 1.31597e-05
0.7083 0.0137449 0.98962 2.95607e-10 1.26252e-05
0.7085 0.0137458 0.989618 2.9454e-10 1.25091e-05
0.7087 0.0137467 0.989617 2.93947e-10 1.25174e-05
0.7089 0.0137476 0.989615 2.97301e-10 1.25111e-05
0.7091 0.0137485 0.989614 2.97278e-10 1.27518e-05
0.7093 0.0137494 0.989612 2.99787e-10 1.31309e-05
0.7095 0.0137503 0.989611 3.00525e-10 1.29795e-05
0.7097 0.0137512 0.989609 3.01631e-10 1.34568e-05
0.7099 0.0137521 0.989608 3.04204e-10 1.35108e-05
0.7101 0.013753 0.989606 3.00991e-10 1.3334e-05
0.7103 0.0137539 0.989605 3.01024e-10 1.33613e-05
0.7105 0.0137548 0.989603 2.98348e-10 1.32021e-05
0.7107 0.0137557 0.989602 2.97903e-10 1.33956e-05
0.7109 0.0137566 0.9896 2.93097e-10 1.2144e-05
0.7111 0.0137575 0.989599 2.91646e-10 1.19392e-05
0.7113 0.0137584 0.989597 2.93572e-10 1.20943e-05
0.7115 0.0137593 0.989596 2.92092e-10 1.17929e-05
0.7117 0.0137602 0.989594 2.91604e-10 1.16058e-05
0.7119 0.0137611 0.989593 2.9135e-10 1.15215e-05
0.7121 0.013762 0.989591 2.89659e-10 1.03375e-05
0.7123 0.0137629 0.98959 2.89445e-10 1.04982e-05
0.7125 0.0137638 0.989588 2.91953e-10 1.09338e-05
0.7127 0.0137647 0.989587 2.93422e-10 1.05996e-05
0.7129 0.0137656 0.989585 2.9304e-10 1.04836e-05
0.7131 0.0137665 0.989584 2.96032e-10 1.0543e-05
0.7133 0.0137674 0.989582 2.94762e-10 1.03643e-05
0.7135 0.0137683 0.989581 2.96713e-10 1.02142e-05
0.7137 0.0137692 0.989579 3.01476e-10 1.04022e-05
0.7139 0.0137701 0.989578 3.04002e-10 1.08793e-05
0.7141 0.013771 0.989576 3.01168e-10 1.0724e-05
0.7143 0.0137719 0.989575 2.99196e-10 1.05841e-05
0.7145 0.0137728 0.989573 2.99523e-10 1.06012e-05
0.7147 0.0137737 0.989572 2.95999e-10 1.06603e-05
0.7149 0.0137746 0.98957 2.95727e-10 1.06661e-05
0.7151 0.0137755 0.989569 2.9417e-10 1.07311e-05
0.7153 0.0137764 0.989567 2.94341e-10 1.10258e-05
0.7155 0.0137772 0.989566 2.9996e-10 1.13302e-05
0.7157 0.0137781 0.989564 2.989e-10 1.12809e-05
0.7159 0.013779 0.989563 2.96256e-10 1.12104e-05
0.7161 0.0137799 0.989561 2.9877e-10 1.16663e-05
0.7163 0.0137808 0.98956 3.02449e-10 1.21151e-05
0.7165 0.0137817 0.989558 2.99765e-10 1.20383e-05
0.7167 0.0137826 0.989557 3.03681e-10 1.2046e-05
0.7169 0.0137835 0.989555 3.0645e-10 1.26957e-05
0.7171 0.0137844 0.989554 3.06375e-10 1.27015e-05
0.7173 0.0137853 0.989552 3.07345e-10 1.29881e-05
0.7175 0.0137862 0.989551 3.05322e-10 1.307e-05
0.7177 0.0137871 0.989549 3.08083e-10 1.33238e-05
0.7179 0.013788 0.989548 3.04362e-10 1.24081e-05
0.7181 0.0137888 0.989546 3.0324e-10 1.21202e-05
0.7183 0.0137897 0.989545 3.03908e-10 1.20211e-05
0.7185 0.0137906 0.989543 3.04999e-10 1.20032e-05
0.7187 0.0137915 0.989542 3.05137e-10 1.22792e-05
0.7189 0.0137924 0.989541 3.07316e-10 1.24292e-05
0.7191 0.0137933 0.989539 3.07967e-10 1.22455e-05
0.7193 0.0137942 0.989538 3.07445e-10 1.17545e-05
0.7195 0.0137951 0.989536 3.07958e-10 1.19211e-05
0.7197 0.013796 0.989535 3.0805e-10 1.20632e-05
0.7199 0.0137969 0.989533 3.0911e-10 1.14559e-05
0.7201 0.0137978 0.989532 3.10427e-10 1.1609e-05
0.7203 0.0137986 0.98953 3.06525e-10 1.12354e-05
0.7205 0.0137995 0.989529 3.08411e-10 1.1341e-05
0.7207 0.0138004 0.989527 3.07549e-10 1.17429e-05
0.7209 0.0138013 0.989526 3.05163e-10 1.16569e-05
0.7211 0.0138022 0.989524 3.01725e-10 1.13073e-05
0.7213 0.0138031 0.989523 3.03622e-10 1.14918e-05
0.7215 0.013804 0.989521 3.07324e-10 1.19641e-05
0.7217 0.0138049 0.98952 3.06191e-10 1.20707e-05
0.7219 0.0138058 0.989518 3.06974e-10 1.19661e-05
0.7221 0.0138066 0.989517 3.07288e-10 1.19529e-05
0.7223 0.0138075 0.989515 3.07946e-10 1.22495e-05
0.7225 0.0138084 0.989514 3.13251e-10 1.28101e-05
0.7227 0.0138093 0.989512 3.11833e-10 1.27833e-05
0.7229 0.0138102 0.989511 3.12031e-10 1.27649e-05
0.7231 0.0138111 0.98951 3.10859e-10 1.29388e-05
0.7233 0.013812 0.989508 3.0947e-10 1.21918e-05
0.7235 0.0138129 0.989507 3.09281e-10 1.23749e-05
0.7237 0.0138137 0.989505 3.06317e-10 1.23084e-05
0.7239 0.0138146 0.989504 3.0491e-10 1.21751e-05
0.7241 0.0138155 0.989502 3.06975e-10 1.2068e-05
0.7243 0.0138164 0.989501 3.07909e-10 1.22678e-05
0.7245 0.0138173 0.989499 3.0737e-10 1.12234e-05
0.7247 0.0138182 0.989498 3.06931e-10 1.09098e-05
0.7249 0.0138191 0.989496 3.0897e-10 1.08704e-05
0.7251 0.0138199 0.989495 3.1081e-10 1.10545e-05
0.7253 0.0138208 0.989493 3.09325e-10 1.06803e-05
0.7255 0.0138217 0.989492 3.09421e-10 1.06471e-05
0.7257 0.0138226 0.98949 3.1054e-10 1.07274e-05
0.7259 0.0138235 0.989489 3.10052e-10 1.08109e-05
0.7261 0.0138243 0.989488 3.08743e-10 1.09257e-05
0.7263 0.0138252 0.989486 3.08149e-10 1.09931e-05
0.7265 0.0138261 0.989485 3.07967e-10 1.11055e-05
0.7267 0.013827 0.989483 3.07748e-10 1.02286e-05
0.7269 0.0138279 0.989482 3.09084e-10 1.03662e-05
0.7271 0.0138288 0.98948 3.0916e-10 1.0313e-05
0.7273 0.0138296 0.989479 3.11162e-10 1.04305e-05
0.7275 0.0138305 0.989477 3.0925e-10 1.03247e-05
0.7277 0.0138314 0.989476 3.11622e-10 1.04844e-05
0.7279 0.0138323 0.989474 3.16853e-10 1.07584e-05
0.7281 0.0138332 0.989473 3.16019e-10 1.08646e-05
0.7283 0.013834 0.989471 3.16673e-10 1.12321e-05
0.7285 0.0138349 0.98947 3.19462e-10 1.16565e-05
0.7287 0.0138358 0.989468 3.21586e-10 1.16441e-05
0.7289 0.0138367 0.989467 3.22778e-10 1.21877e-05
0.7291 0.0138376 0.989466 3.23751e-10 1.21895e-05
0.7293 0.0138384 0.989464 3.20706e-10 1.2169e-05
0.7295 0.0138393 0.989463 3.20831e-10 1.24081e-05
0.7297 0.0138402 0.989461 3.23605e-10 1.28552e-05
0.7299 0.0138411 0.98946 3.25871e-10 1.34538e-05
0.7301 0.013842 0.989458 3.24748e-10 1.3469e-05
0.7303 0.0138428 0.989457 3.23652e-10 1.35618e-05
0.7305 0.0138437 0.989455 3.23041e-10 1.38308e-05
0.7307 0.0138446 0.989454 3.23909e-10 1.3987e-05
0.7309 0.0138455 0.989452 3.24451e-10 1.42608e-05
0.7311 0.0138464 0.989451 3.26703e-10 1.48327e-05
0.7313 0.0138472 0.989449 3.22905e-10 1.42955e-05
0.7315 0.0138481 0.989448 3.22384e-10 1.33201e-05
0.7317 0.013849 0.989447 3.22252e-10 1.32757e-05
0.7319 0.0138499 0.989445 3.22508e-10 1.32906e-05
0.7321 0.0138508 0.989444 3.23248e-10 1.34496e-05
0.7323 0.0138516 0.989442 3.23631e-10 1.37877e-05
0.7325 0.0138525 0.989441 3.31342e-10 1.39197e-05
0.7327 0.0138534 0.989439 3.30845e-10 1.38295e-05
0.7329 0.0138543 0.989438 3.27385e-10 1.37109e-05
0.7331 0.0138551 0.989436 3.25996e-10 1.35684e-05
0.7333 0.013856 0.989435 3.25194e-10 1.34783e-05
0.7335 0.0138569 0.989433 3.25146e-10 1.34943e-05
0.7337 0.0138578 0.989432 3.23468e-10 1.34477e-05
0.7339 0.0138586 0.989431 3.22957e-10 1.36525e-05
0.7341 0.0138595 0.989429 3.20652e-10 1.35311e-05
0.7343 0.0138604 0.989428 3.18646e-10 1.28965e-05
0.7345 0.0138613 0.989426 3.23227e-10 1.28817e-05
0.7347 0.0138622 0.989425 3.22273e-10 1.27932e-05
0.7349 0.013863 0.989423 3.23197e-10 1.28136e-05
0.7351 0.0138639 0.989422 3.27856e-10 1.31299e-05
0.7353 0.0138648 0.98942 3.26058e-10 1.31623e-05
0.7355 0.0138657 0.989419 3.24709e-10 1.32499e-05
0.7357 0.0138665 0.989418 3.27987e-10 1.3587e-05
0.7359 0.0138674 0.989416 3.25926e-10 1.3714e-05
0.7361 0.0138683 0.989415 3.26735e-10 1.37844e-05
0.7363 0.0138691 0.989413 3.30093e-10 1.41172e-05
0.7365 0.01387 0.989412 3.32869e-10 1.43332e-05
0.7367 0.0138709 0.98941 3.33798e-10 1.44964e-05
0.7369 0.0138718 0.989409 3.33678e-10 1.39749e-05
0.7371 0.0138726 0.989407 3.30888e-10 1.35826e-05
0.7373 0.0138735 0.989406 3.28298e-10 1.35091e-05
0.7375 0.0138744 0.989405 3.29181e-10 1.347e-05
0.7377 0.0138752 0.989403 3.29841e-10 1.3469e-05
0.7379 0.0138761 0.989402 3.30623e-10 1.33067e-05
0.7381 0.013877 0.9894 3.30787e-10 1.33624e-05
0.7383 0.0138778 0.989399 3.31325e-10 1.33986e-05
0.7385 0.0138787 0.989397 3.28803e-10 1.33048e-05
0.7387 0.0138796 0.989396 3.27221e-10 1.32373e-05
0.7389 0.0138805 0.989394 3.2972e-10 1.32495e-05
0.7391 0.0138813 0.989393 3.27214e-10 1.32002e-05
0.7393 0.0138822 0.989392 3.2793e-10 1.31181e-05
0.7395 0.0138831 0.98939 3.27068e-10 1.30414e-05
0.7397 0.0138839 0.989389 3.3199e-10 1.35679e-05
0.7399 0.0138848 0.989387 3.32228e-10 1.31746e-05
0.7401 0.0138857 0.989386 3.36844e-10 1.32216e-05
0.7403 0.0138865 0.989384 3.35234e-10 1.32245e-05
0.7405 0.0138874 0.989383 3.37322e-10 1.31067e-05
0.7407 0.0138883 0.989381 3.34638e-10 1.28347e-05
0.7409 0.0138891 0.98938 3.31322e-10 1.26608e-05
0.7411 0.01389 0.989379 3.34822e-10 1.27538e-05
0.7413 0.0138909 0.989377 3.32357e-10 1.25607e-05
0.7415 0.0138917 0.989376 3.34617e-10 1.25308e-05
0.7417 0.0138926 0.989374 3.36408e-10 1.28002e-05
0.7419 0.0138935 0.989373 3.42714e-10 1.29909e-05
0.7421 0.0138944 0.989371 3.41112e-10 1.30461e-05
0.7423 0.0138952 0.98937 3.44281e-10 1.33266e-05
0.7425 0.0138961 0.989368 3.42685e-10 1.32467e-05
0.7427 0.013897 0.989367 3.41347e-10 1.35844e-05
0.7429 0.0138978 0.989366 3.38313e-10 1.30459e-05
0.7431 0.0138987 0.989364 3.41048e-10 1.33068e-05
0.7433 0.0138996 0.989363 3.40849e-10 1.31665e-05
0.7435 0.0139004 0.989361 3.39583e-10 1.31554e-05
0.7437 0.0139013 0.98936 3.37394e-10 1.28641e-05
0.7439 0.0139022 0.989358 3.3941e-10 1.29471e-05
0.7441 0.013903 0.989357 3.34686e-10 1.23377e-05
0.7443 0.0139039 0.989356 3.33985e-10 1.22846e-05
0.7445 0.0139048 0.989354 3.32076e-10 1.25787e-05
0.7447 0.0139056 0.989353 3.30238e-10 1.24035e-05
0.7449 0.0139065 0.989351 3.31394e-10 1.22844e-05
0.7451 0.0139074 0.98935 3.3995e-10 1.26798e-05
0.7453 0.0139082 0.989348 3.39225e-10 1.2653e-05
0.7455 0.0139091 0.989347 3.41034e-10 1.25739e-05
0.7457 0.01391 0.989345 3.40284e-10 1.23833e-05
0.7459 0.0139108 0.989344 3.3924e-10 1.2357e-05
0.7461 0.0139117 0.989343 3.37632e-10 1.22243e-05
0.7463 0.0139126 0.989341 3.36144e-10 1.2315e-05
0.7465 0.0139134 0.98934 3.36165e-10 1.22303e-05
0.7467 0.0139143 0.989338 3.33993e-10 1.22796e-05
0.7469 0.0139151 0.989337 3.34897e-10 1.24064e-05
0.7471 0.013916 0.989335 3.29547e-10 1.1719e-05
0.7473 0.0139169 0.989334 3.29799e-10 1.18652e-05
0.7475 0.0139177 0.989333 3.29971e-10 1.18348e-05
0.7477 0.0139186 0.989331 3.26941e-10 1.1755e-05
0.7479 0.0139194 0.98933 3.23748e-10 1.08387e-05
0.7481 0.0139203 0.989328 3.29373e-10 1.11293e-05
0.7483 0.0139212 0.989327 3.3227e-10 1.12032e-05
0.7485 0.013922 0.989325 3.35768e-10 1.13722e-05
0.7487 0.0139229 0.989324 3.36027e-10 1.13716e-05
0.7489 0.0139238 0.989323 3.3767e-10 1.15382e-05
0.7491 0.0139246 0.989321 3.36027e-10 1.14464e-05
0.7493 0.0139255 0.98932 3.36408e-10 1.09432e-05
0.7495 0.0139263 0.989318 3.39251e-10 1.1182e-05
0.7497 0.0139272 0.989317 3.38891e-10 1.11729e-05
0.7499 0.013928 0.989315 3.40388e-10 1.15328e-05
0.7501 0.0139289 0.989314 3.4616e-10 1.20359e-05
0.7503 0.0139298 0.989313 3.45306e-10 1.1905e-05
0.7505 0.0139306 0.989311 3.43623e-10 1.16604e-05
0.7507 0.0139315 0.98931 3.42013e-10 1.1525e-05
0.7509 0.0139323 0.989308 3.38362e-10 1.13397e-05
0.7511 0.0139332 0.989307 3.37109e-10 1.1567e-05
0.7513 0.013934 0.989305 3.4314e-10 1.19125e-05
0.7515 0.0139349 0.989304 3.42371e-10 1.20862e-05
0.7517 0.0139358 0.989303 3.44114e-10 1.18129e-05
0.7519 0.0139366 0.989301 3.44192e-10 1.20624e-05
0.7521 0.0139375 0.9893 3.47323e-10 1.21739e-05
0.7523 0.0139383 0.989298 3.47383e-10 1.23111e-05
0.7525 0.0139392 0.989297 3.50934e-10 1.27865e-05
0.7527 0.01394 0.989296 3.50025e-10 1.27573e-05
0.7529 0.0139409 0.989294 3.47192e-10 1.22856e-05
0.7531 0.0139418 0.989293 3.48421e-10 1.27758e-05
0.7533 0.0139426 0.989291 3.45606e-10 1.24795e-05
0.7535 0.0139435 0.98929 3.47358e-10 1.28505e-05
0.7537 0.0139443 0.989288 3.43791e-10 1.27781e-05
0.7539 0.0139452 0.989287 3.41191e-10 1.27019e-05
0.7541 0.013946 0.989286 3.42103e-10 1.11376e-05
0.7543 0.0139469 0.989284 3.40673e-10 1.09798e-05
0.7545 0.0139478 0.989283 3.433e-10 1.12477e-05
0.7547 0.0139486 0.989281 3.41511e-10 1.13115e-05
0.7549 0.0139495 0.98928 3.42181e-10 1.11299e-05
0.7551 0.0139503 0.989278 3.46471e-10 1.14806e-05
0.7553 0.0139512 0.989277 3.45432e-10 1.15161e-05
0.7555 0.013952 0.989276 3.44046e-10 1.1796e-05
0.7557 0.0139529 0.989274 3.45103e-10 1.16431e-05
0.7559 0.0139537 0.989273 3.41573e-10 1.1486e-05
0.7561 0.0139546 0.989271 3.46611e-10 1.1719e-05
0.7563 0.0139555 0.98927 3.48352e-10 1.18171e-05
0.7565 0.0139563 0.989269 3.4637e-10 1.1753e-05
0.7567 0.0139572 0.989267 3.46266e-10 1.17339e-05
0.7569 0.013958 0.989266 3.47171e-10 1.19702e-05
0.7571 0.0139589 0.989264 3.43607e-10 1.09558e-05
0.7573 0.0139597 0.989263 3.45689e-10 1.11078e-05
0.7575 0.0139606 0.989261 3.44835e-10 1.10174e-05
0.7577 0.0139614 0.98926 3.46352e-10 1.12716e-05
0.7579 0.0139623 0.989259 3.45702e-10 1.13753e-05
0.7581 0.0139631 0.989257 3.49535e-10 1.1571e-05
0.7583 0.013964 0.989256 3.48166e-10 1.14577e-05
0.7585 0.0139648 0.989254 3.49268e-10 1.1567e-05
0.7587 0.0139657 0.989253 3.50473e-10 1.18181e-05
0.7589 0.0139666 0.989252 3.52041e-10 1.17854e-05
0.7591 0.0139674 0.98925 3.49506e-10 1.16368e-05
0.7593 0.0139683 0.989249 3.46702e-10 1.15281e-05
0.7595 0.0139691 0.989247 3.43403e-10 1.13703e-05
0.7597 0.01397 0.989246 3.39245e-10 1.1316e-05
0.7599 0.0139708 0.989245 3.42067e-10 1.14516e-05
0.7601 0.0139717 0.989243 3.41985e-10 1.15406e-05
0.7603 0.0139725 0.989242 3.43241e-10 1.19126e-05
0.7605 0.0139734 0.98924 3.45214e-10 1.20859e-05
0.7607 0.0139742 0.989239 3.50495e-10 1.26225e-05
0.7609 0.013975 0.989238 3.49904e-10 1.24534e-05
0.7611 0.0139759 0.989236 3.49361e-10 1.25264e-05
0.7613 0.0139767 0.989235 3.5086e-10 1.26208e-05
0.7615 0.0139776 0.989233 3.53321e-10 1.28429e-05
0.7617 0.0139784 0.989232 3.50843e-10 1.26497e-05
0.7619 0.0139793 0.98923 3.50253e-10 1.25395e-05
0.7621 0.0139801 0.989229 3.5458e-10 1.24032e-05
0.7623 0.013981 0.989228 3.55117e-10 1.2717e-05
0.7625 0.0139818 0.989226 3.52555e-10 1.25885e-05
0.7627 0.0139827 0.989225 3.51889e-10 1.22935e-05
0.7629 0.0139835 0.989223 3.5014e-10 1.21997e-05
0.7631 0.0139844 0.989222 3.53492e-10 1.23423e-05
0.7633 0.0139852 0.989221 3.54493e-10 1.22734e-05
0.7635 0.013986 0.989219 3.59582e-10 1.27282e-05
0.7637 0.0139869 0.989218 3.56262e-10 1.23398e-05
0.7639 0.0139877 0.989216 3.57314e-10 1.24756e-05
0.7641 0.0139886 0.989215 3.57202e-10 1.23384e-05
0.7643 0.0139894 0.989214 3.56679e-10 1.20911e-05
0.7645 0.0139903 0.989212 3.59542e-10 1.27219e-05
0.7647 0.0139911 0.989211 3.62212e-10 1.30081e-05
0.7649 0.013992 0.989209 3.64933e-10 1.33945e-05
0.7651 0.0139928 0.989208 3.67763e-10 1.33075e-05
0.7653 0.0139937 0.989207 3.63338e-10 1.28573e-05
0.7655 0.0139945 0.989205 3.60554e-10 1.30114e-05
0.7657 0.0139954 0.989204 3.58843e-10 1.28729e-05
0.7659 0.0139962 0.989202 3.56596e-10 1.25593e-05
0.7661 0.0139971 0.989201 3.53219e-10 1.20878e-05
0.7663 0.0139979 0.9892 3.62541e-10 1.2939e-05
0.7665 0.0139988 0.989198 3.61868e-10 1.28706e-05
0.7667 0.0139996 0.989197 3.61513e-10 1.28806e-05
0.7669 0.0140004 0.989195 3.60072e-10 1.2703e-05
0.7671 0.0140013 0.989194 3.62245e-10 1.27417e-05
0.7673 0.0140021 0.989193 3.58086e-10 1.25446e-05
0.7675 0.014003 0.989191 3.59459e-10 1.27044e-05
0.7677 0.0140038 0.98919 3.63516e-10 1.28781e-05
0.7679 0.0140047 0.989188 3.63856e-10 1.28549e-05
0.7681 0.0140055 0.989187 3.64567e-10 1.28201e-05
0.7683 0.0140064 0.989186 3.64808e-10 1.31768e-05
0.7685 0.0140072 0.989184 3.61701e-10 1.2764e-05
0.7687 0.0140081 0.989183 3.61179e-10 1.30901e-05
0.7689 0.0140089 0.989181 3.59723e-10 1.27584e-05
0.7691 0.0140097 0.98918 3.65698e-10 1.30826e-05
0.7693 0.0140106 0.989179 3.65306e-10 1.29873e-05
0.7695 0.0140114 0.989177 3.64716e-10 1.2947e-05
0.7697 0.0140123 0.989176 3.64212e-10 1.30395e-05
0.7699 0.0140131 0.989174 3.60592e-10 1.26884e-05
0.7701 0.0140139 0.989173 3.58645e-10 1.25396e-05
0.7703 0.0140148 0.989172 3.58795e-10 1.24982e-05
0.7705 0.0140156 0.98917 3.57487e-10 1.27365e-05
0.7707 0.0140165 0.989169 3.61256e-10 1.32447e-05
0.7709 0.0140173 0.989167 3.6593e-10 1.2992e-05
0.7711 0.0140182 0.989166 3.65231e-10 1.29074e-05
0.7713 0.014019 0.989165 3.65907e-10 1.30021e-05
0.7715 0.0140198 0.989163 3.63036e-10 1.29296e-05
0.7717 0.0140207 0.989162 3.641e-10 1.28461e-05
0.7719 0.0140215 0.98916 3.66084e-10 1.32549e-05
0.7721 0.0140224 0.989159 3.68331e-10 1.37646e-05
0.7723 0.0140232 0.989158 3.68178e-10 1.39118e-05
0.7725 0.014024 0.989156 3.72154e-10 1.44561e-05
0.7727 0.0140249 0.989155 3.75035e-10 1.46385e-05
0.7729 0.0140257 0.989153 3.74513e-10 1.47325e-05
0.7731 0.0140265 0.989152 3.7228e-10 1.46883e-05
0.7733 0.0140274 0.989151 3.69774e-10 1.44741e-05
0.7735 0.0140282 0.989149 3.68876e-10 1.43776e-05
0.7737 0.0140291 0.989148 3.67764e-10 1.44286e-05
0.7739 0.0140299 0.989146 3.67992e-10 1.42562e-05
0.7741 0.0140307 0.989145 3.70177e-10 1.45212e-05
0.7743 0.0140316 0.989144 3.68844e-10 1.4439e-05
0.7745 0.0140324 0.989142 3.66481e-10 1.45053e-05
0.7747 0.0140332 0.989141 3.65431e-10 1.41045e-05
0.7749 0.0140341 0.98914 3.69481e-10 1.44074e-05
0.7751 0.0140349 0.989138 3.71086e-10 1.45086e-05
0.7753 0.0140357 0.989137 3.75504e-10 1.46544e-05
0.7755 0.0140366 0.989135 3.75742e-10 1.44857e-05
0.7757 0.0140374 0.989134 3.75544e-10 1.43292e-05
0.7759 0.0140383 0.989133 3.74716e-10 1.40879e-05
0.7761 0.0140391 0.989131 3.76129e-10 1.43679e-05
0.7763 0.0140399 0.98913 3.79316e-10 1.42741e-05
0.7765 0.0140408 0.989128 3.81134e-10 1.44732e-05
0.7767 0.0140416 0.989127 3.82107e-10 1.44999e-05
0.7769 0.0140424 0.989126 3.76914e-10 1.42865e-05
0.7771 0.0140433 0.989124 3.80713e-10 1.4078e-05
0.7773 0.0140441 0.989123 3.84501e-10 1.45682e-05
0.7775 0.014045 0.989122 3.83585e-10 1.45175e-05
0.7777 0.0140458 0.98912 3.86338e-10 1.47258e-05
0.7779 0.0140466 0.989119 3.84568e-10 1.45881e-05
0.7781 0.0140475 0.989117 3.81986e-10 1.41686e-05
0.7783 0.0140483 0.989116 3.83662e-10 1.41642e-05
0.7785 0.0140491 0.989115 3.83926e-10 1.43312e-05
0.7787 0.01405 0.989113 3.78611e-10 1.4086e-05
0.7789 0.0140508 0.989112 3.78575e-10 1.43285e-05
0.7791 0.0140516 0.98911 3.78375e-10 1.4348e-05
0.7793 0.0140525 0.989109 3.78122e-10 1.45147e-05
0.7795 0.0140533 0.989108 3.78969e-10 1.47057e-05
0.7797 0.0140541 0.989106 3.81125e-10 1.47801e-05
0.7799 0.014055 0.989105 3.79751e-10 1.4452e-05
0.7801 0.0140558 0.989104 3.81398e-10 1.46253e-05
0.7803 0.0140566 0.989102 3.80892e-10 1.46659e-05
0.7805 0.0140575 0.989101 3.83614e-10 1.50708e-05
0.7807 0.0140583 0.989099 3.88059e-10 1.53996e-05
0.7809 0.0140591 0.989098 3.89785e-10 1.56069e-05
0.7811 0.01406 0.989097 3.87164e-10 1.54091e-05
0.7813 0.0140608 0.989095 3.84081e-10 1.50866e-05
0.7815 0.0140616 0.989094 3.87639e-10 1.55981e-05
0.7817 0.0140625 0.989092 3.90648e-10 1.57202e-05
0.7819 0.0140633 0.989091 3.88084e-10 1.54472e-05
0.7821 0.0140641 0.98909 3.86406e-10 1.54435e-05
0.7823 0.014065 0.989088 3.82545e-10 1.52579e-05
0.7825 0.0140658 0.989087 3.78404e-10 1.48125e-05
0.7827 0.0140666 0.989086 3.80501e-10 1.5263e-05
0.7829 0.0140675 0.989084 3.79554e-10 1.53648e-05
0.7831 0.0140683 0.989083 3.76032e-10 1.51398e-05
0.7833 0.0140691 0.989081 3.73891e-10 1.48886e-05
0.7835 0.01407 0.98908 3.7437e-10 1.49621e-05
0.7837 0.0140708 0.989079 3.78609e-10 1.55017e-05
0.7839 0.0140716 0.989077 3.76667e-10 1.51795e-05
0.7841 0.0140724 0.989076 3.7905e-10 1.5552e-05
0.7843 0.0140733 0.989075 3.80609e-10 1.51557e-05
0.7845 0.0140741 0.989073 3.84428e-10 1.52994e-05
0.7847 0.0140749 0.989072 3.8461e-10 1.51184e-05
0.7849 0.0140757 0.98907 3.86129e-10 1.54053e-05
0.7851 0.0140766 0.989069 3.87041e-10 1.55901e-05
0.7853 0.0140774 0.989068 3.87159e-10 1.58125e-05
0.7855 0.0140782 0.989066 3.88578e-10 1.60224e-05
0.7857 0.014079 0.989065 3.89816e-10 1.62545e-05
0.7859 0.0140799 0.989064 3.88529e-10 1.61446e-05
0.7861 0.0140807 0.989062 3.90307e-10 1.63543e-05
0.7863 0.0140815 0.989061 3.91807e-10 1.64676e-05
0.7865 0.0140824 0.989059 3.96426e-10 1.64218e-05
0.7867 0.0140832 0.989058 3.94245e-10 1.65958e-05
0.7869 0.014084 0.989057 3.96341e-10 1.66029e-05
0.7871 0.0140848 0.989055 3.96638e-10 1.68365e-05
0.7873 0.0140857 0.989054 3.95389e-10 1.66296e-05
0.7875 0.0140865 0.989053 3.9578e-10 1.65743e-05
0.7877 0.0140873 0.989051 3.96309e-10 1.65973e-05
0.7879 0.0140881 0.98905 3.9721e-10 1.65315e-05
0.7881 0.014089 0.989048 3.9453e-10 1.64655e-05
0.7883 0.0140898 0.989047 3.96422e-10 1.66664e-05
0.7885 0.0140906 0.989046 3.96663e-10 1.64957e-05
0.7887 0.0140915 0.989044 3.92117e-10 1.60483e-05
0.7889 0.0140923 0.989043 3.90484e-10 1.61519e-05
0.7891 0.0140931 0.989042 3.90028e-10 1.61329e-05
0.7893 0.0140939 0.98904 3.91477e-10 1.60294e-05
0.7895 0.0140948 0.989039 3.9547e-10 1.63424e-05
0.7897 0.0140956 0.989037 3.96208e-10 1.64509e-05
0.7899 0.0140964 0.989036 3.94061e-10 1.62466e-05
0.7901 0.0140972 0.989035 3.92385e-10 1.62284e-05
0.7903 0.0140981 0.989033 3.95009e-10 1.6322e-05
0.7905 0.0140989 0.989032 3.93798e-10 1.6296e-05
0.7907 0.0140997 0.989031 3.96321e-10 1.65871e-05
0.7909 0.0141005 0.989029 3.96165e-10 1.64746e-05
0.7911 0.0141014 0.989028 3.99904e-10 1.67458e-05
0.7913 0.0141022 0.989026 3.9993e-10 1.69521e-05
0.7915 0.014103 0.989025 3.97659e-10 1.67164e-05
0.7917 0.0141038 0.989024 3.97487e-10 1.67056e-05
0.7919 0.0141047 0.989022 3.95148e-10 1.65183e-05
0.7921 0.0141055 0.989021 3.98527e-10 1.67421e-05
0.7923 0.0141063 0.98902 3.96207e-10 1.62227e-05
0.7925 0.0141071 0.989018 3.9702e-10 1.64188e-05
0.7927 0.014108 0.989017 3.9911e-10 1.65157e-05
0.7929 0.0141088 0.989016 3.961e-10 1.61981e-05
0.7931 0.0141096 0.989014 3.98128e-10 1.64827e-05
0.7933 0.0141104 0.989013 4.05151e-10 1.73916e-05
0.7935 0.0141112 0.989011 4.03767e-10 1.73456e-05
0.7937 0.0141121 0.98901 3.99613e-10 1.71355e-05
0.7939 0.0141129 0.989009 4.01903e-10 1.70036e-05
0.7941 0.0141137 0.989007 3.99745e-10 1.71178e-05
0.7943 0.0141145 0.989006 3.96496e-10 1.69621e-05
0.7945 0.0141154 0.989005 3.99675e-10 1.72325e-05
0.7947 0.0141162 0.989003 3.99744e-10 1.7405e-05
0.7949 0.014117 0.989002 3.98925e-10 1.74505e-05
0.7951 0.0141178 0.989001 3.98344e-10 1.69813e-05
0.7953 0.0141186 0.988999 4.03568e-10 1.7541e-05
0.7955 0.0141195 0.988998 4.00038e-10 1.72792e-05
0.7957 0.0141203 0.988996 4.00293e-10 1.75147e-05
0.7959 0.0141211 0.988995 3.97795e-10 1.74004e-05
0.7961 0.0141219 0.988994 3.99e-10 1.71053e-05
0.7963 0.0141227 0.988992 4.0118e-10 1.77549e-05
0.7965 0.0141236 0.988991 4.00548e-10 1.78064e-05
0.7967 0.0141244 0.98899 4.01407e-10 1.78831e-05
0.7969 0.0141252 0.988988 3.98756e-10 1.77331e-05
0.7971 0.014126 0.988987 3.99038e-10 1.78343e-05
0.7973 0.0141268 0.988986 3.97534e-10 1.78972e-05
0.7975 0.0141276 0.988984 3.96255e-10 1.76641e-05
0.7977 0.0141285 0.988983 4.04045e-10 1.81533e-05
0.7979 0.0141293 0.988981 4.00642e-10 1.79579e-05
0.7981 0.0141301 0.98898 4.00987e-10 1.79477e-05
0.7983 0.0141309 0.988979 4.03415e-10 1.81538e-05
0.7985 0.0141317 0.988977 4.03015e-10 1.80779e-05
0.7987 0.0141325 0.988976 4.01614e-10 1.79232e-05
0.7989 0.0141334 0.988975 4.05018e-10 1.82759e-05
0.7991 0.0141342 0.988973 4.00568e-10 1.79695e-05
0.7993 0.014135 0.988972 4.02302e-10 1.83836e-05
0.7995 0.0141358 0.988971 4.02578e-10 1.8087e-05
0.7997 0.0141366 0.988969 4.05097e-10 1.77748e-05
0.7999 0.0141375 0.988968 4.0305e-10 1.80982e-05
0.8001 0.0141383 0.988967 4.00942e-10 1.76155e-05
0.8003 0.0141391 0.988965 4.09263e-10 1.81605e-05
0.8005 0.0141399 0.988964 4.10535e-10 1.81873e-05
0.8007 0.0141407 0.988962 4.11478e-10 1.8426e-05
0.8009 0.0141415 0.988961 4.0998e-10 1.8291e-05
0.8011 0.0141424 0.98896 4.08233e-10 1.81389e-05
0.8013 0.0141432 0.988958 4.04697e-10 1.77267e-05
0.8015 0.014144 0.988957 4.07543e-10 1.8091e-05
0.8017 0.0141448 0.988956 4.0761e-10 1.81221e-05
0.8019 0.0141456 0.988954 4.08527e-10 1.80854e-05
0.8021 0.0141464 0.988953 4.11516e-10 1.82193e-05
0.8023 0.0141473 0.988952 4.10724e-10 1.81115e-05
0.8025 0.0141481 0.98895 4.12005e-10 1.82082e-05
0.8027 0.0141489 0.988949 4.11078e-10 1.78399e-05
0.8029 0.0141497 0.988948 4.14378e-10 1.80045e-05
0.8031 0.0141505 0.988946 4.20002e-10 1.83457e-05
0.8033 0.0141513 0.988945 4.18294e-10 1.84182e-05
0.8035 0.0141522 0.988944 4.15389e-10 1.82764e-05
0.8037 0.014153 0.988942 4.18336e-10 1.89469e-05
0.8039 0.0141538 0.988941 4.15634e-10 1.89132e-05
0.8041 0.0141546 0.988939 4.14442e-10 1.89398e-05
0.8043 0.0141554 0.988938 4.0917e-10 1.79357e-05
0.8045 0.0141562 0.988937 4.14937e-10 1.89744e-05
0.8047 0.0141571 0.988935 4.10471e-10 1.8866e-05
0.8049 0.0141579 0.988934 4.0635e-10 1.87298e-05
0.8051 0.0141587 0.988933 4.05133e-10 1.88649e-05
0.8053 0.0141595 0.988931 3.99788e-10 1.84258e-05
0.8055 0.0141603 0.98893 4.03819e-10 1.85967e-05
0.8057 0.0141611 0.988929 4.05668e-10 1.87436e-05
0.8059 0.0141619 0.988927 4.06925e-10 1.89489e-05
0.8061 0.0141627 0.988926 4.04977e-10 1.90289e-05
0.8063 0.0141635 0.988925 4.07261e-10 1.85471e-05
0.8065 0.0141644 0.988923 4.05865e-10 1.87081e-05
0.8067 0.0141652 0.988922 4.06779e-10 1.82296e-05
0.8069 0.014166 0.988921 4.03713e-10 1.82716e-05
0.8071 0.0141668 0.988919 4.06637e-10 1.86662e-05
0.8073 0.0141676 0.988918 4.03336e-10 1.8331e-05
0.8075 0.0141684 0.988917 4.0468e-10 1.8639e-05
0.8077 0.0141692 0.988915 4.04707e-10 1.88359e-05
0.8079 0.01417 0.988914 4.07652e-10 1.92035e-05
0.8081 0.0141708 0.988912 4.06402e-10 1.89995e-05
0.8083 0.0141716 0.988911 4.14045e-10 1.97236e-05
0.8085 0.0141725 0.98891 4.1094e-10 1.91032e-05
0.8087 0.0141733 0.988908 4.09432e-10 1.94172e-05
0.8089 0.0141741 0.988907 4.16769e-10 1.97966e-05
0.8091 0.0141749 0.988906 4.17285e-10 1.97635e-05
0.8093 0.0141757 0.988904 4.1392e-10 1.92973e-05
0.8095 0.0141765 0.988903 4.21988e-10 1.97978e-05
0.8097 0.0141773 0.988902 4.20015e-10 1.97075e-05
0.8099 0.0141781 0.9889 4.23888e-10 1.98893e-05
0.8101 0.0141789 0.988899 4.23941e-10 1.9383e-05
0.8103 0.0141797 0.988898 4.34609e-10 2.03688e-05
0.8105 0.0141805 0.988896 4.35736e-10 2.0335e-05
0.8107 0.0141813 0.988895 4.39161e-10 2.05186e-05
0.8109 0.0141822 0.988894 4.34716e-10 2.03291e-05
0.8111 0.014183 0.988892 4.33088e-10 2.02612e-05
0.8113 0.0141838 0.988891 4.33762e-10 2.02023e-05
0.8115 0.0141846 0.98889 4.33677e-10 2.03185e-05
0.8117 0.0141854 0.988888 4.30543e-10 2.01538e-05
0.8119 0.0141862 0.988887 4.28539e-10 2.01709e-05
0.8121 0.014187 0.988886 4.24604e-10 2.00805e-05
0.8123 0.0141878 0.988884 4.20348e-10 1.98066e-05
0.8125 0.0141886 0.988883 4.23188e-10 1.96987e-05
0.8127 0.0141894 0.988882 4.20071e-10 1.97356e-05
0.8129 0.0141902 0.98888 4.26449e-10 2.01116e-05
0.8131 0.0141911 0.988879 4.27003e-10 1.97216e-05
0.8133 0.0141919 0.988878 4.27896e-10 2.00404e-05
0.8135 0.0141927 0.988876 4.26376e-10 1.99715e-05
0.8137 0.0141935 0.988875 4.27355e-10 1.98724e-05
0.8139 0.0141943 0.988873 4.28262e-10 1.96759e-05
0.8141 0.0141951 0.988872 4.30414e-10 1.94969e-05
0.8143 0.0141959 0.988871 4.30501e-10 2.00259e-05
0.8145 0.0141967 0.988869 4.25776e-10 1.95135e-05
0.8147 0.0141975 0.988868 4.26483e-10 1.93379e-05
0.8149 0.0141983 0.988867 4.26406e-10 1.93991e-05
0.8151 0.0141991 0.988865 4.25992e-10 1.93664e-05
0.8153 0.0141999 0.988864 4.23932e-10 1.9228e-05
0.8155 0.0142007 0.988863 4.23881e-10 1.92468e-05
0.8157 0.0142016 0.988861 4.22637e-10 1.9202e-05
0.8159 0.0142024 0.98886 4.25599e-10 1.95063e-05
0.8161 0.0142032 0.988859 4.22742e-10 1.94669e-05
0.8163 0.014204 0.988857 4.26444e-10 1.98082e-05
0.8165 0.0142048 0.988856 4.29649e-10 2.01659e-05
0.8167 0.0142056 0.988855 4.30113e-10 2.03781e-05
0.8169 0.0142064 0.988853 4.30567e-10 2.05506e-05
0.8171 0.0142072 0.988852 4.28841e-10 2.05234e-05
0.8173 0.014208 0.988851 4.24972e-10 1.99107e-05
0.8175 0.0142088 0.988849 4.24809e-10 2.05271e-05
0.8177 0.0142096 0.988848 4.2421e-10 2.05383e-05
0.8179 0.0142104 0.988847 4.19353e-10 1.99266e-05
0.8181 0.0142112 0.988845 4.26165e-10 2.08255e-05
0.8183 0.014212 0.988844 4.23878e-10 2.09727e-05
0.8185 0.0142128 0.988843 4.25581e-10 2.09047e-05
0.8187 0.0142136 0.988841 4.23699e-10 2.04085e-05
0.8189 0.0142144 0.98884 4.26606e-10 2.08042e-05
0.8191 0.0142152 0.988839 4.27693e-10 2.07925e-05
0.8193 0.014216 0.988837 4.255e-10 2.06793e-05
0.8195 0.0142168 0.988836 4.26151e-10 2.08227e-05
0.8197 0.0142176 0.988835 4.27505e-10 2.08243e-05
0.8199 0.0142184 0.988833 4.28006e-10 2.08993e-05
0.8201 0.0142192 0.988832 4.29176e-10 2.03181e-05
0.8203 0.01422 0.988831 4.36275e-10 2.10296e-05
0.8205 0.0142208 0.988829 4.36975e-10 2.10319e-05
0.8207 0.0142216 0.988828 4.35263e-10 2.07985e-05
0.8209 0.0142224 0.988827 4.33953e-10 2.03542e-05
0.8211 0.0142232 0.988825 4.31325e-10 2.06425e-05
0.8213 0.014224 0.988824 4.31629e-10 2.07877e-05
0.8215 0.0142248 0.988823 4.29476e-10 2.07177e-05
0.8217 0.0142256 0.988821 4.33719e-10 2.0863e-05
0.8219 0.0142264 0.98882 4.33963e-10 2.06895e-05
0.8221 0.0142272 0.988819 4.34871e-10 2.08553e-05
0.8223 0.014228 0.988817 4.34612e-10 2.10207e-05
0.8225 0.0142288 0.988816 4.35632e-10 2.06756e-05
0.8227 0.0142296 0.988815 4.37109e-10 2.09955e-05
0.8229 0.0142304 0.988813 4.38249e-10 2.04364e-05
0.8231 0.0142312 0.988812 4.38098e-10 2.09019e-05
0.8233 0.014232 0.988811 4.41277e-10 2.10482e-05
0.8235 0.0142328 0.988809 4.51337e-10 2.12729e-05
0.8237 0.0142336 0.988808 4.5111e-10 2.14564e-05
0.8239 0.0142344 0.988807 4.5137e-10 2.14244e-05
0.8241 0.0142352 0.988805 4.48968e-10 2.13615e-05
0.8243 0.014236 0.988804 4.47171e-10 2.1444e-05
0.8245 0.0142368 0.988803 4.52536e-10 2.19191e-05
0.8247 0.0142376 0.988801 4.53952e-10 2.18208e-05
0.8249 0.0142384 0.9888 4.46802e-10 2.14752e-05
0.8251 0.0142392 0.988799 4.48082e-10 2.17908e-05
0.8253 0.01424 0.988797 4.48372e-10 2.19892e-05
0.8255 0.0142408 0.988796 4.45351e-10 2.15349e-05
0.8257 0.0142416 0.988795 4.42813e-10 2.16194e-05
0.8259 0.0142424 0.988793 4.41327e-10 2.13115e-05
0.8261 0.0142432 0.988792 4.44022e-10 2.1307e-05
0.8263 0.014244 0.988791 4.42872e-10 2.16224e-05
0.8265 0.0142448 0.988789 4.46196e-10 2.18709e-05
0.8267 0.0142456 0.988788 4.49422e-10 2.20093e-05
0.8269 0.0142464 0.988787 4.50199e-10 2.17386e-05
0.8271 0.0142472 0.988785 4.44717e-10 2.12559e-05
0.8273 0.014248 0.988784 4.46756e-10 2.15314e-05
0.8275 0.0142488 0.988783 4.4567e-10 2.1471e-05
0.8277 0.0142496 0.988782 4.43432e-10 2.14159e-05
0.8279 0.0142504 0.98878 4.40281e-10 2.12326e-05
0.8281 0.0142512 0.988779 4.34764e-10 2.11839e-05
0.8283 0.014252 0.988778 4.38062e-10 2.11843e-05
0.8285 0.0142528 0.988776 4.33743e-10 2.03106e-05
0.8287 0.0142536 0.988775 4.37286e-10 2.09908e-05
0.8289 0.0142544 0.988774 4.34548e-10 2.08916e-05
0.8291 0.0142552 0.988772 4.33441e-10 2.03331e-05
0.8293 0.014256 0.988771 4.3701e-10 2.10924e-05
0.8295 0.0142568 0.98877 4.34911e-10 2.10971e-05
0.8297 0.0142576 0.988768 4.37031e-10 2.1171e-05
0.8299 0.0142584 0.988767 4.38554e-10 2.13037e-05
0.8301 0.0142592 0.988766 4.3807e-10 2.12587e-05
0.8303 0.01426 0.988764 4.36656e-10 2.12651e-05
0.8305 0.0142608 0.988763 4.36351e-10 2.13698e-05
0.8307 0.0142616 0.988762 4.40074e-10 2.18378e-05
0.8309 0.0142623 0.98876 4.47067e-10 2.23082e-05
0.8311 0.0142631 0.988759 4.43605e-10 2.23259e-05
0.8313 0.0142639 0.988758 4.42539e-10 2.1857e-05
0.8315 0.0142647 0.988756 4.43985e-10 2.21999e-05
0.8317 0.0142655 0.988755 4.44369e-10 2.25137e-05
0.8319 0.0142663 0.988754 4.41953e-10 2.24404e-05
0.8321 0.0142671 0.988752 4.39839e-10 2.19737e-05
0.8323 0.0142679 0.988751 4.32629e-10 2.14602e-05
0.8325 0.0142687 0.98875 4.35438e-10 2.20146e-05
0.8327 0.0142695 0.988749 4.35674e-10 2.13072e-05
0.8329 0.0142703 0.988747 4.45024e-10 2.24662e-05
0.8331 0.0142711 0.988746 4.47316e-10 2.25471e-05
0.8333 0.0142718 0.988745 4.48283e-10 2.23826e-05
0.8335 0.0142726 0.988743 4.53099e-10 2.23699e-05
0.8337 0.0142734 0.988742 4.52319e-10 2.22907e-05
0.8339 0.0142742 0.988741 4.50442e-10 2.23829e-05
0.8341 0.014275 0.988739 4.5438e-10 2.22412e-05
0.8343 0.0142758 0.988738 4.54225e-10 2.23697e-05
0.8345 0.0142766 0.988737 4.54606e-10 2.21581e-05
0.8347 0.0142774 0.988735 4.56778e-10 2.20838e-05
0.8349 0.0142782 0.988734 4.55785e-10 2.19253e-05
0.8351 0.014279 0.988733 4.57531e-10 2.20945e-05
0.8353 0.0142798 0.988731 4.56237e-10 2.21597e-05
0.8355 0.0142806 0.98873 4.607e-10 2.24778e-05
0.8357 0.0142814 0.988729 4.65163e-10 2.25657e-05
0.8359 0.0142822 0.988727 4.6234e-10 2.20829e-05
0.8361 0.0142829 0.988726 4.60022e-10 2.20331e-05
0.8363 0.0142837 0.988725 4.59848e-10 2.23737e-05
0.8365 0.0142845 0.988723 4.57691e-10 2.23739e-05
0.8367 0.0142853 0.988722 4.56546e-10 2.21848e-05
0.8369 0.0142861 0.988721 4.59756e-10 2.27121e-05
0.8371 0.0142869 0.988719 4.59976e-10 2.234e-05
0.8373 0.0142877 0.988718 4.56068e-10 2.21952e-05
0.8375 0.0142885 0.988717 4.58467e-10 2.25375e-05
0.8377 0.0142893 0.988716 4.63589e-10 2.30082e-05
0.8379 0.0142901 0.988714 4.58761e-10 2.24555e-05
0.8381 0.0142909 0.988713 4.64847e-10 2.27743e-05
0.8383 0.0142917 0.988712 4.64528e-10 2.28053e-05
0.8385 0.0142924 0.98871 4.61124e-10 2.24697e-05
0.8387 0.0142932 0.988709 4.53252e-10 2.16002e-05
0.8389 0.014294 0.988708 4.58408e-10 2.24736e-05
0.8391 0.0142948 0.988706 4.51922e-10 2.21926e-05
0.8393 0.0142956 0.988705 4.52245e-10 2.24807e-05
0.8395 0.0142964 0.988704 4.5124e-10 2.19893e-05
0.8397 0.0142972 0.988702 4.51965e-10 2.23196e-05
0.8399 0.014298 0.988701 4.52795e-10 2.24904e-05
0.8401 0.0142988 0.9887 4.49473e-10 2.20683e-05
0.8403 0.0142996 0.988699 4.51713e-10 2.23599e-05
0.8405 0.0143003 0.988697 4.49194e-10 2.22652e-05
0.8407 0.0143011 0.988696 4.49069e-10 2.22994e-05
0.8409 0.0143019 0.988695 4.48266e-10 2.22174e-05
0.8411 0.0143027 0.988693 4.44695e-10 2.18659e-05
0.8413 0.0143035 0.988692 4.51996e-10 2.27633e-05
0.8415 0.0143043 0.988691 4.53314e-10 2.2311e-05
0.8417 0.0143051 0.988689 4.54906e-10 2.27938e-05
0.8419 0.0143059 0.988688 4.55577e-10 2.21481e-05
0.8421 0.0143066 0.988687 4.55841e-10 2.2613e-05
0.8423 0.0143074 0.988685 4.5404e-10 2.26229e-05
0.8425 0.0143082 0.988684 4.52344e-10 2.25149e-05
0.8427 0.014309 0.988683 4.53387e-10 2.28494e-05
0.8429 0.0143098 0.988681 4.58919e-10 2.2919e-05
0.8431 0.0143106 0.98868 4.58793e-10 2.33529e-05
0.8433 0.0143114 0.988679 4.58461e-10 2.32946e-05
0.8435 0.0143121 0.988678 4.58274e-10 2.27919e-05
0.8437 0.0143129 0.988676 4.63595e-10 2.35103e-05
0.8439 0.0143137 0.988675 4.64753e-10 2.37184e-05
0.8441 0.0143145 0.988674 4.68014e-10 2.35659e-05
0.8443 0.0143153 0.988672 4.69031e-10 2.41693e-05
0.8445 0.0143161 0.988671 4.65111e-10 2.34805e-05
0.8447 0.0143168 0.98867 4.63761e-10 2.38135e-05
0.8449 0.0143176 0.988668 4.65965e-10 2.34257e-05
0.8451 0.0143184 0.988667 4.69604e-10 2.37893e-05
0.8453 0.0143192 0.988666 4.68366e-10 2.3552e-05
0.8455 0.01432 0.988664 4.7264e-10 2.37062e-05
0.8457 0.0143208 0.988663 4.72081e-10 2.34714e-05
0.8459 0.0143215 0.988662 4.72523e-10 2.34835e-05
0.8461 0.0143223 0.988661 4.68446e-10 2.34922e-05
0.8463 0.0143231 0.988659 4.7008e-10 2.32024e-05
0.8465 0.0143239 0.988658 4.71906e-10 2.33824e-05
0.8467 0.0143247 0.988657 4.7142e-10 2.32575e-05
0.8469 0.0143255 0.988655 4.68298e-10 2.31667e-05
0.8471 0.0143263 0.988654 4.67237e-10 2.29241e-05
0.8473 0.014327 0.988653 4.67812e-10 2.28898e-05
0.8475 0.0143278 0.988651 4.68751e-10 2.29011e-05
0.8477 0.0143286 0.98865 4.70435e-10 2.27631e-05
0.8479 0.0143294 0.988649 4.69377e-10 2.21987e-05
0.8481 0.0143302 0.988647 4.77668e-10 2.33686e-05
0.8483 0.014331 0.988646 4.78901e-10 2.34477e-05
0.8485 0.0143317 0.988645 4.80799e-10 2.34358e-05
0.8487 0.0143325 0.988644 4.76595e-10 2.29777e-05
0.8489 0.0143333 0.988642 4.76986e-10 2.30511e-05
0.8491 0.0143341 0.988641 4.7342e-10 2.28089e-05
0.8493 0.0143349 0.98864 4.72584e-10 2.27947e-05
0.8495 0.0143357 0.988638 4.69607e-10 2.27133e-05
0.8497 0.0143365 0.988637 4.66767e-10 2.26196e-05
0.8499 0.0143372 0.988636 4.63578e-10 2.2196e-05
0.8501 0.014338 0.988634 4.71539e-10 2.32561e-05
0.8503 0.0143388 0.988633 4.72696e-10 2.36037e-05
0.8505 0.0143396 0.988632 4.69445e-10 2.34749e-05
0.8507 0.0143404 0.988631 4.70724e-10 2.37071e-05
0.8509 0.0143412 0.988629 4.69772e-10 2.38181e-05
0.8511 0.0143419 0.988628 4.71151e-10 2.41266e-05
0.8513 0.0143427 0.988627 4.66247e-10 2.31375e-05
0.8515 0.0143435 0.988625 4.67765e-10 2.38106e-05
0.8517 0.0143443 0.988624 4.67289e-10 2.3748e-05
0.8519 0.0143451 0.988623 4.69398e-10 2.39691e-05
0.8521 0.0143459 0.988621 4.68577e-10 2.39922e-05
0.8523 0.0143466 0.98862 4.71236e-10 2.37175e-05
0.8525 0.0143474 0.988619 4.7103e-10 2.357e-05
0.8527 0.0143482 0.988618 4.69649e-10 2.36211e-05
0.8529 0.014349 0.988616 4.70081e-10 2.36055e-05
0.8531 0.0143498 0.988615 4.66303e-10 2.34514e-05
0.8533 0.0143505 0.988614 4.67095e-10 2.33669e-05
0.8535 0.0143513 0.988612 4.66866e-10 2.31448e-05
0.8537 0.0143521 0.988611 4.70641e-10 2.3233e-05
0.8539 0.0143529 0.98861 4.71515e-10 2.34139e-05
0.8541 0.0143536 0.988609 4.68489e-10 2.33112e-05
0.8543 0.0143544 0.988607 4.72219e-10 2.35174e-05
0.8545 0.0143552 0.988606 4.73744e-10 2.36247e-05
0.8547 0.014356 0.988605 4.6966e-10 2.2658e-05
0.8549 0.0143568 0.988603 4.71609e-10 2.3299e-05
0.8551 0.0143575 0.988602 4.70954e-10 2.28012e-05
0.8553 0.0143583 0.988601 4.69e-10 2.3049e-05
0.8555 0.0143591 0.988599 4.70326e-10 2.31138e-05
0.8557 0.0143599 0.988598 4.69906e-10 2.30044e-05
0.8559 0.0143606 0.988597 4.7059e-10 2.32151e-05
0.8561 0.0143614 0.988596 4.74363e-10 2.36436e-05
0.8563 0.0143622 0.988594 4.74644e-10 2.37264e-05
0.8565 0.014363 0.988593 4.80567e-10 2.43283e-05
0.8567 0.0143638 0.988592 4.8142e-10 2.43107e-05
0.8569 0.0143645 0.98859 4.82667e-10 2.41876e-05
0.8571 0.0143653 0.988589 4.84633e-10 2.45253e-05
0.8573 0.0143661 0.988588 4.87687e-10 2.42863e-05
0.8575 0.0143669 0.988586 4.85867e-10 2.38054e-05
0.8577 0.0143676 0.988585 4.91392e-10 2.4652e-05
0.8579 0.0143684 0.988584 4.87284e-10 2.35715e-05
0.8581 0.0143692 0.988583 4.91246e-10 2.42319e-05
0.8583 0.01437 0.988581 4.89987e-10 2.42399e-05
0.8585 0.0143708 0.98858 4.89203e-10 2.40926e-05
0.8587 0.0143715 0.988579 4.98199e-10 2.46385e-05
0.8589 0.0143723 0.988577 4.971e-10 2.45486e-05
0.8591 0.0143731 0.988576 4.94967e-10 2.39059e-05
0.8593 0.0143739 0.988575 4.93212e-10 2.4174e-05
0.8595 0.0143747 0.988574 4.92536e-10 2.41891e-05
0.8597 0.0143754 0.988572 4.93358e-10 2.39363e-05
0.8599 0.0143762 0.988571 4.9446e-10 2.41861e-05
0.8601 0.014377 0.98857 4.93825e-10 2.42382e-05
0.8603 0.0143778 0.988568 4.91812e-10 2.42344e-05
0.8605 0.0143785 0.988567 4.89176e-10 2.3476e-05
0.8607 0.0143793 0.988566 4.93289e-10 2.37951e-05
0.8609 0.0143801 0.988564 5.0054e-10 2.44416e-05
0.8611 0.0143809 0.988563 4.97569e-10 2.42316e-05
0.8613 0.0143817 0.988562 5.00382e-10 2.45304e-05
0.8615 0.0143824 0.988561 4.98884e-10 2.44575e-05
0.8617 0.0143832 0.988559 4.94854e-10 2.44302e-05
0.8619 0.014384 0.988558 4.92625e-10 2.43685e-05
0.8621 0.0143848 0.988557 4.90022e-10 2.42423e-05
0.8623 0.0143855 0.988555 4.93143e-10 2.4484e-05
0.8625 0.0143863 0.988554 4.90674e-10 2.3696e-05
0.8627 0.0143871 0.988553 4.93684e-10 2.43413e-05
0.8629 0.0143879 0.988552 4.89155e-10 2.4192e-05
0.8631 0.0143886 0.98855 4.85882e-10 2.40932e-05
0.8633 0.0143894 0.988549 4.85027e-10 2.40804e-05
0.8635 0.0143902 0.988548 4.8738e-10 2.37759e-05
0.8637 0.014391 0.988546 4.88317e-10 2.40113e-05
0.8639 0.0143917 0.988545 4.83971e-10 2.3805e-05
0.8641 0.0143925 0.988544 4.88666e-10 2.42278e-05
0.8643 0.0143933 0.988543 4.82527e-10 2.36727e-05
0.8645 0.0143941 0.988541 4.84571e-10 2.41335e-05
0.8647 0.0143948 0.98854 4.83568e-10 2.39022e-05
0.8649 0.0143956 0.988539 4.82306e-10 2.41991e-05
0.8651 0.0143964 0.988537 4.82515e-10 2.39203e-05
0.8653 0.0143972 0.988536 4.82538e-10 2.39376e-05
0.8655 0.0143979 0.988535 4.80359e-10 2.38489e-05
0.8657 0.0143987 0.988534 4.83335e-10 2.40526e-05
0.8659 0.0143995 0.988532 4.86783e-10 2.39854e-05
0.8661 0.0144002 0.988531 4.88517e-10 2.42634e-05
0.8663 0.014401 0.98853 4.92961e-10 2.40017e-05
0.8665 0.0144018 0.988528 4.93679e-10 2.44897e-05
0.8667 0.0144026 0.988527 4.97003e-10 2.47067e-05
0.8669 0.0144033 0.988526 4.94078e-10 2.41779e-05
0.8671 0.0144041 0.988525 4.95926e-10 2.43941e-05
0.8673 0.0144049 0.988523 4.90777e-10 2.36499e-05
0.8675 0.0144056 0.988522 4.94636e-10 2.42596e-05
0.8677 0.0144064 0.988521 4.99968e-10 2.4882e-05
0.8679 0.0144072 0.988519 5.01496e-10 2.48615e-05
0.8681 0.014408 0.988518 5.00184e-10 2.48833e-05
0.8683 0.0144087 0.988517 4.98792e-10 2.44579e-05
0.8685 0.0144095 0.988516 5.00066e-10 2.48705e-05
0.8687 0.0144103 0.988514 5.00734e-10 2.43042e-05
0.8689 0.014411 0.988513 5.00321e-10 2.45779e-05
0.8691 0.0144118 0.988512 5.00643e-10 2.44562e-05
0.8693 0.0144126 0.98851 5.05318e-10 2.48738e-05
0.8695 0.0144133 0.988509 5.06195e-10 2.47779e-05
0.8697 0.0144141 0.988508 5.07831e-10 2.49882e-05
0.8699 0.0144149 0.988507 5.10624e-10 2.51178e-05
0.8701 0.0144157 0.988505 5.12374e-10 2.51946e-05
0.8703 0.0144164 0.988504 5.1173e-10 2.52293e-05
0.8705 0.0144172 0.988503 5.13219e-10 2.52724e-05
0.8707 0.014418 0.988501 5.11845e-10 2.52393e-05
0.8709 0.0144187 0.9885 5.1107e-10 2.52329e-05
0.8711 0.0144195 0.988499 5.08215e-10 2.4607e-05
0.8713 0.0144203 0.988498 5.06483e-10 2.45156e-05
0.8715 0.0144211 0.988496 5.05806e-10 2.46545e-05
0.8717 0.0144218 0.988495 5.02306e-10 2.43883e-05
0.8719 0.0144226 0.988494 5.02083e-10 2.44918e-05
0.8721 0.0144234 0.988493 5.01355e-10 2.43393e-05
0.8723 0.0144241 0.988491 4.9978e-10 2.42039e-05
0.8725 0.0144249 0.98849 4.95166e-10 2.43449e-05
0.8727 0.0144257 0.988489 4.91864e-10 2.43063e-05
0.8729 0.0144265 0.988487 4.91596e-10 2.40578e-05
0.8731 0.0144272 0.988486 4.90997e-10 2.36205e-05
0.8733 0.014428 0.988485 4.90627e-10 2.37024e-05
0.8735 0.0144288 0.988484 4.95802e-10 2.41863e-05
0.8737 0.0144295 0.988482 4.98583e-10 2.44352e-05
0.8739 0.0144303 0.988481 5.00122e-10 2.39643e-05
0.8741 0.0144311 0.98848 4.98479e-10 2.42251e-05
0.8743 0.0144318 0.988478 4.96881e-10 2.41522e-05
0.8745 0.0144326 0.988477 4.98179e-10 2.40602e-05
0.8747 0.0144334 0.988476 5.02202e-10 2.44796e-05
0.8749 0.0144342 0.988475 5.03396e-10 2.4528e-05
0.8751 0.0144349 0.988473 4.99945e-10 2.43082e-05
0.8753 0.0144357 0.988472 5.02212e-10 2.46453e-05
0.8755 0.0144365 0.988471 4.99567e-10 2.39325e-05
0.8757 0.0144372 0.98847 4.99117e-10 2.41712e-05
0.8759 0.014438 0.988468 5.01899e-10 2.41687e-05
0.8761 0.0144387 0.988467 5.02045e-10 2.42166e-05
0.8763 0.0144395 0.988466 5.00913e-10 2.43862e-05
0.8765 0.0144403 0.988464 5.04757e-10 2.46247e-05
0.8767 0.014441 0.988463 5.04436e-10 2.49433e-05
0.8769 0.0144418 0.988462 5.02839e-10 2.43935e-05
0.8771 0.0144426 0.988461 4.99277e-10 2.48155e-05
0.8773 0.0144433 0.988459 5.0225e-10 2.50589e-05
0.8775 0.0144441 0.988458 5.02034e-10 2.51139e-05
0.8777 0.0144449 0.988457 5.09373e-10 2.59511e-05
0.8779 0.0144456 0.988456 5.1178e-10 2.62248e-05
0.8781 0.0144464 0.988454 5.13171e-10 2.59065e-05
0.8783 0.0144472 0.988453 5.13233e-10 2.59008e-05
0.8785 0.0144479 0.988452 5.18229e-10 2.61999e-05
0.8787 0.0144487 0.98845 5.20067e-10 2.6232e-05
0.8789 0.0144495 0.988449 5.18947e-10 2.5982e-05
0.8791 0.0144502 0.988448 5.18284e-10 2.56256e-05
0.8793 0.014451 0.988447 5.18801e-10 2.57046e-05
0.8795 0.0144518 0.988445 5.14797e-10 2.51146e-05
0.8797 0.0144525 0.988444 5.16991e-10 2.55811e-05
0.8799 0.0144533 0.988443 5.13103e-10 2.50421e-05
0.8801 0.014454 0.988441 5.122e-10 2.52528e-05
0.8803 0.0144548 0.98844 5.12884e-10 2.45279e-05
0.8805 0.0144556 0.988439 5.16068e-10 2.47621e-05
0.8807 0.0144563 0.988438 5.18318e-10 2.49818e-05
0.8809 0.0144571 0.988436 5.19062e-10 2.5089e-05
0.8811 0.0144579 0.988435 5.18413e-10 2.50749e-05
0.8813 0.0144586 0.988434 5.18948e-10 2.43311e-05
0.8815 0.0144594 0.988433 5.23203e-10 2.49859e-05
0.8817 0.0144602 0.988431 5.25443e-10 2.50017e-05
0.8819 0.0144609 0.98843 5.28802e-10 2.52201e-05
0.8821 0.0144617 0.988429 5.29432e-10 2.52445e-05
0.8823 0.0144625 0.988427 5.29247e-10 2.51804e-05
0.8825 0.0144632 0.988426 5.26948e-10 2.51258e-05
0.8827 0.014464 0.988425 5.27363e-10 2.5167e-05
0.8829 0.0144648 0.988424 5.29052e-10 2.53138e-05
0.8831 0.0144655 0.988422 5.25995e-10 2.52562e-05
0.8833 0.0144663 0.988421 5.25284e-10 2.50894e-05
0.8835 0.0144671 0.98842 5.21372e-10 2.50694e-05
0.8837 0.0144678 0.988419 5.19049e-10 2.52762e-05
0.8839 0.0144686 0.988417 5.15295e-10 2.52433e-05
0.8841 0.0144694 0.988416 5.16141e-10 2.54402e-05
0.8843 0.0144701 0.988415 5.1288e-10 2.53252e-05
0.8845 0.0144709 0.988414 5.03245e-10 2.44485e-05
0.8847 0.0144717 0.988412 5.08681e-10 2.46965e-05
0.8849 0.0144724 0.988411 5.06217e-10 2.46087e-05
0.8851 0.0144732 0.98841 5.06606e-10 2.4656e-05
0.8853 0.0144739 0.988408 5.066e-10 2.45583e-05
0.8855 0.0144747 0.988407 5.04067e-10 2.36965e-05
0.8857 0.0144755 0.988406 5.12111e-10 2.49018e-05
0.8859 0.0144762 0.988405 5.16956e-10 2.51953e-05
0.8861 0.014477 0.988403 5.18722e-10 2.54341e-05
0.8863 0.0144778 0.988402 5.22596e-10 2.54506e-05
0.8865 0.0144785 0.988401 5.2374e-10 2.55567e-05
0.8867 0.0144793 0.9884 5.2326e-10 2.55437e-05
0.8869 0.01448 0.988398 5.24112e-10 2.54775e-05
0.8871 0.0144808 0.988397 5.20424e-10 2.54076e-05
0.8873 0.0144816 0.988396 5.17489e-10 2.49897e-05
0.8875 0.0144823 0.988395 5.16197e-10 2.51362e-05
0.8877 0.0144831 0.988393 5.15775e-10 2.52297e-05
0.8879 0.0144839 0.988392 5.10733e-10 2.44956e-05
0.8881 0.0144846 0.988391 5.09184e-10 2.41733e-05
0.8883 0.0144854 0.98839 5.18821e-10 2.49472e-05
0.8885 0.0144861 0.988388 5.17323e-10 2.47833e-05
0.8887 0.0144869 0.988387 5.19221e-10 2.48542e-05
0.8889 0.0144877 0.988386 5.2074e-10 2.49877e-05
0.8891 0.0144884 0.988384 5.20002e-10 2.50661e-05
0.8893 0.0144892 0.988383 5.19082e-10 2.44706e-05
0.8895 0.0144899 0.988382 5.25097e-10 2.4941e-05
0.8897 0.0144907 0.988381 5.22567e-10 2.49522e-05
0.8899 0.0144915 0.988379 5.24615e-10 2.51828e-05
0.8901 0.0144922 0.988378 5.27291e-10 2.54833e-05
0.8903 0.014493 0.988377 5.25331e-10 2.52151e-05
0.8905 0.0144937 0.988376 5.26637e-10 2.54226e-05
0.8907 0.0144945 0.988374 5.27629e-10 2.55186e-05
0.8909 0.0144952 0.988373 5.28596e-10 2.50033e-05
0.8911 0.014496 0.988372 5.2946e-10 2.55091e-05
0.8913 0.0144968 0.988371 5.29794e-10 2.556e-05
0.8915 0.0144975 0.988369 5.31444e-10 2.56194e-05
0.8917 0.0144983 0.988368 5.31069e-10 2.55923e-05
0.8919 0.014499 0.988367 5.29594e-10 2.57197e-05
0.8921 0.0144998 0.988366 5.33087e-10 2.55524e-05
0.8923 0.0145006 0.988364 5.37663e-10 2.62017e-05
0.8925 0.0145013 0.988363 5.32711e-10 2.57317e-05
0.8927 0.0145021 0.988362 5.30591e-10 2.56746e-05
0.8929 0.0145028 0.98836 5.3296e-10 2.56964e-05
0.8931 0.0145036 0.988359 5.30322e-10 2.56156e-05
0.8933 0.0145044 0.988358 5.23606e-10 2.4997e-05
0.8935 0.0145051 0.988357 5.27984e-10 2.52802e-05
0.8937 0.0145059 0.988355 5.29029e-10 2.54614e-05
0.8939 0.0145066 0.988354 5.23015e-10 2.53346e-05
0.8941 0.0145074 0.988353 5.20709e-10 2.48435e-05
0.8943 0.0145081 0.988352 5.18887e-10 2.4142e-05
0.8945 0.0145089 0.98835 5.22919e-10 2.51021e-05
0.8947 0.0145097 0.988349 5.29492e-10 2.54139e-05
0.8949 0.0145104 0.988348 5.32714e-10 2.57313e-05
0.8951 0.0145112 0.988347 5.38042e-10 2.59743e-05
0.8953 0.0145119 0.988345 5.38828e-10 2.59791e-05
0.8955 0.0145127 0.988344 5.41458e-10 2.58503e-05
0.8957 0.0145135 0.988343 5.39557e-10 2.58578e-05
0.8959 0.0145142 0.988342 5.45533e-10 2.62766e-05
0.8961 0.014515 0.98834 5.41814e-10 2.59537e-05
0.8963 0.0145157 0.988339 5.38674e-10 2.594e-05
0.8965 0.0145165 0.988338 5.37851e-10 2.56761e-05
0.8967 0.0145173 0.988337 5.42555e-10 2.61997e-05
0.8969 0.014518 0.988335 5.38038e-10 2.56404e-05
0.8971 0.0145188 0.988334 5.42405e-10 2.60169e-05
0.8973 0.0145195 0.988333 5.40317e-10 2.60623e-05
0.8975 0.0145203 0.988332 5.38914e-10 2.55747e-05
0.8977 0.014521 0.98833 5.39491e-10 2.60222e-05
0.8979 0.0145218 0.988329 5.3921e-10 2.5876e-05
0.8981 0.0145225 0.988328 5.42327e-10 2.60494e-05
0.8983 0.0145233 0.988327 5.37898e-10 2.60623e-05
0.8985 0.0145241 0.988325 5.35481e-10 2.57139e-05
0.8987 0.0145248 0.988324 5.32831e-10 2.56148e-05
0.8989 0.0145256 0.988323 5.34835e-10 2.60486e-05
0.8991 0.0145263 0.988322 5.33006e-10 2.59237e-05
0.8993 0.0145271 0.98832 5.34928e-10 2.59445e-05
0.8995 0.0145278 0.988319 5.33348e-10 2.54839e-05
0.8997 0.0145286 0.988318 5.36395e-10 2.60744e-05
0.8999 0.0145294 0.988316 5.34013e-10 2.57031e-05
0.9001 0.0145301 0.988315 5.30525e-10 2.54705e-05
0.9003 0.0145309 0.988314 5.33117e-10 2.57327e-05
0.9005 0.0145316 0.988313 5.32993e-10 2.5646e-05
0.9007 0.0145324 0.988311 5.29476e-10 2.49976e-05
0.9009 0.0145331 0.98831 5.37451e-10 2.57061e-05
0.9011 0.0145339 0.988309 5.33083e-10 2.47136e-05
0.9013 0.0145346 0.988308 5.36054e-10 2.53644e-05
0.9015 0.0145354 0.988306 5.37854e-10 2.52554e-05
0.9017 0.0145361 0.988305 5.32589e-10 2.52823e-05
0.9019 0.0145369 0.988304 5.35153e-10 2.50907e-05
0.9021 0.0145376 0.988303 5.36814e-10 2.53178e-05
0.9023 0.0145384 0.988301 5.38599e-10 2.52849e-05
0.9025 0.0145391 0.9883 5.42833e-10 2.54208e-05
0.9027 0.0145399 0.988299 5.45482e-10 2.55185e-05
0.9029 0.0145406 0.988298 5.40377e-10 2.48177e-05
0.9031 0.0145414 0.988296 5.40443e-10 2.54874e-05
0.9033 0.0145422 0.988295 5.39887e-10 2.55477e-05
0.9035 0.0145429 0.988294 5.45261e-10 2.57927e-05
0.9037 0.0145437 0.988293 5.45786e-10 2.57259e-05
0.9039 0.0145444 0.988291 5.48523e-10 2.63628e-05
0.9041 0.0145452 0.98829 5.48764e-10 2.63615e-05
0.9043 0.0145459 0.988289 5.43365e-10 2.61993e-05
0.9045 0.0145467 0.988288 5.48501e-10 2.68164e-05
0.9047 0.0145474 0.988286 5.4551e-10 2.65023e-05
0.9049 0.0145482 0.988285 5.53412e-10 2.69988e-05
0.9051 0.0145489 0.988284 5.48447e-10 2.64182e-05
0.9053 0.0145497 0.988283 5.51417e-10 2.63583e-05
0.9055 0.0145504 0.988281 5.46092e-10 2.6034e-05
0.9057 0.0145512 0.98828 5.47864e-10 2.62071e-05
0.9059 0.0145519 0.988279 5.47266e-10 2.60332e-05
0.9061 0.0145527 0.988278 5.49507e-10 2.59949e-05
0.9063 0.0145535 0.988276 5.47561e-10 2.57386e-05
0.9065 0.0145542 0.988275 5.50395e-10 2.58734e-05
0.9067 0.014555 0.988274 5.47952e-10 2.56861e-05
0.9069 0.0145557 0.988273 5.44655e-10 2.53272e-05
0.9071 0.0145565 0.988271 5.47425e-10 2.56316e-05
0.9073 0.0145572 0.98827 5.46557e-10 2.54595e-05
0.9075 0.014558 0.988269 5.51967e-10 2.57298e-05
0.9077 0.0145587 0.988268 5.51187e-10 2.55862e-05
0.9079 0.0145595 0.988266 5.53958e-10 2.5965e-05
0.9081 0.0145602 0.988265 5.49955e-10 2.5447e-05
0.9083 0.014561 0.988264 5.47782e-10 2.55587e-05
0.9085 0.0145617 0.988263 5.46812e-10 2.51885e-05
0.9087 0.0145625 0.988261 5.46235e-10 2.5495e-05
0.9089 0.0145632 0.98826 5.47946e-10 2.56395e-05
0.9091 0.014564 0.988259 5.41332e-10 2.48643e-05
0.9093 0.0145647 0.988258 5.40914e-10 2.54924e-05
0.9095 0.0145655 0.988257 5.42807e-10 2.53884e-05
0.9097 0.0145662 0.988255 5.39351e-10 2.55192e-05
0.9099 0.014567 0.988254 5.36081e-10 2.50005e-05
0.9101 0.0145677 0.988253 5.39577e-10 2.54869e-05
0.9103 0.0145685 0.988252 5.42715e-10 2.58159e-05
0.9105 0.0145693 0.98825 5.40647e-10 2.56934e-05
0.9107 0.01457 0.988249 5.42083e-10 2.55179e-05
0.9109 0.0145708 0.988248 5.50101e-10 2.62984e-05
0.9111 0.0145715 0.988247 5.45455e-10 2.53846e-05
0.9113 0.0145723 0.988245 5.47271e-10 2.59747e-05
0.9115 0.014573 0.988244 5.46985e-10 2.60322e-05
0.9117 0.0145738 0.988243 5.51861e-10 2.61814e-05
0.9119 0.0145745 0.988242 5.50205e-10 2.63727e-05
0.9121 0.0145752 0.98824 5.48154e-10 2.61105e-05
0.9123 0.014576 0.988239 5.51357e-10 2.65958e-05
0.9125 0.0145767 0.988238 5.47582e-10 2.63881e-05
0.9127 0.0145775 0.988237 5.47062e-10 2.62002e-05
0.9129 0.0145782 0.988235 5.4798e-10 2.6263e-05
0.9131 0.014579 0.988234 5.51622e-10 2.65555e-05
0.9133 0.0145797 0.988233 5.56774e-10 2.6646e-05
0.9135 0.0145805 0.988232 5.60989e-10 2.66237e-05
0.9137 0.0145812 0.98823 5.62113e-10 2.69052e-05
0.9139 0.014582 0.988229 5.59916e-10 2.69076e-05
0.9141 0.0145827 0.988228 5.58817e-10 2.69125e-05
0.9143 0.0145835 0.988227 5.58223e-10 2.67313e-05
0.9145 0.0145842 0.988225 5.56801e-10 2.68537e-05
0.9147 0.014585 0.988224 5.58945e-10 2.70848e-05
0.9149 0.0145857 0.988223 5.57193e-10 2.66546e-05
0.9151 0.0145865 0.988222 5.59326e-10 2.65744e-05
0.9153 0.0145872 0.98822 5.57599e-10 2.63092e-05
0.9155 0.014588 0.988219 5.59351e-10 2.61833e-05
0.9157 0.0145887 0.988218 5.61108e-10 2.62861e-05
0.9159 0.0145895 0.988217 5.62044e-10 2.60646e-05
0.9161 0.0145902 0.988215 5.71967e-10 2.67113e-05
0.9163 0.014591 0.988214 5.69349e-10 2.65323e-05
0.9165 0.0145917 0.988213 5.6957e-10 2.66293e-05
0.9167 0.0145925 0.988212 5.6973e-10 2.64014e-05
0.9169 0.0145932 0.988211 5.71719e-10 2.64813e-05
0.9171 0.014594 0.988209 5.69958e-10 2.6661e-05
0.9173 0.0145947 0.988208 5.68209e-10 2.65609e-05
0.9175 0.0145955 0.988207 5.70801e-10 2.66139e-05
0.9177 0.0145962 0.988206 5.74951e-10 2.66903e-05
0.9179 0.0145969 0.988204 5.73091e-10 2.62939e-05
0.9181 0.0145977 0.988203 5.73366e-10 2.6636e-05
0.9183 0.0145984 0.988202 5.76961e-10 2.69736e-05
0.9185 0.0145992 0.988201 5.74164e-10 2.69752e-05
0.9187 0.0145999 0.988199 5.7391e-10 2.61876e-05
0.9189 0.0146007 0.988198 5.78961e-10 2.68836e-05
0.9191 0.0146014 0.988197 5.76873e-10 2.68137e-05
0.9193 0.0146022 0.988196 5.74825e-10 2.66633e-05
0.9195 0.0146029 0.988194 5.7089e-10 2.63745e-05
0.9197 0.0146037 0.988193 5.70456e-10 2.64888e-05
0.9199 0.0146044 0.988192 5.68932e-10 2.63575e-05
0.9201 0.0146052 0.988191 5.71543e-10 2.65066e-05
0.9203 0.0146059 0.988189 5.69665e-10 2.6725e-05
0.9205 0.0146067 0.988188 5.68525e-10 2.65157e-05
0.9207 0.0146074 0.988187 5.68087e-10 2.63795e-05
0.9209 0.0146082 0.988186 5.61823e-10 2.64124e-05
0.9211 0.0146089 0.988185 5.64693e-10 2.62824e-05
0.9213 0.0146097 0.988183 5.64878e-10 2.6353e-05
0.9215 0.0146104 0.988182 5.62443e-10 2.60537e-05
0.9217 0.0146112 0.988181 5.59246e-10 2.58329e-05
0.9219 0.0146119 0.98818 5.59495e-10 2.5917e-05
0.9221 0.0146127 0.988178 5.5892e-10 2.58302e-05
0.9223 0.0146134 0.988177 5.52994e-10 2.49812e-05
0.9225 0.0146141 0.988176 5.58729e-10 2.54908e-05
0.9227 0.0146149 0.988175 5.65561e-10 2.6408e-05
0.9229 0.0146156 0.988173 5.7128e-10 2.63863e-05
0.9231 0.0146164 0.988172 5.71707e-10 2.64181e-05
0.9233 0.0146171 0.988171 5.7217e-10 2.63833e-05
0.9235 0.0146179 0.98817 5.7165e-10 2.64288e-05
0.9237 0.0146186 0.988168 5.70246e-10 2.62857e-05
0.9239 0.0146194 0.988167 5.73828e-10 2.63916e-05
0.9241 0.0146201 0.988166 5.70229e-10 2.61292e-05
0.9243 0.0146209 0.988165 5.71433e-10 2.65483e-05
0.9245 0.0146216 0.988164 5.69148e-10 2.64832e-05
0.9247 0.0146223 0.988162 5.70323e-10 2.66295e-05
0.9249 0.0146231 0.988161 5.69675e-10 2.6599e-05
0.9251 0.0146238 0.98816 5.72543e-10 2.6976e-05
0.9253 0.0146246 0.988159 5.75276e-10 2.73315e-05
0.9255 0.0146253 0.988157 5.74168e-10 2.74511e-05
0.9257 0.0146261 0.988156 5.72144e-10 2.70987e-05
0.9259 0.0146268 0.988155 5.76197e-10 2.77011e-05
0.9261 0.0146275 0.988154 5.74256e-10 2.77099e-05
0.9263 0.0146283 0.988152 5.73388e-10 2.75861e-05
0.9265 0.014629 0.988151 5.74469e-10 2.69527e-05
0.9267 0.0146298 0.98815 5.76662e-10 2.74768e-05
0.9269 0.0146305 0.988149 5.76703e-10 2.74539e-05
0.9271 0.0146313 0.988148 5.71709e-10 2.64643e-05
0.9273 0.014632 0.988146 5.75892e-10 2.67569e-05
0.9275 0.0146327 0.988145 5.77484e-10 2.68075e-05
0.9277 0.0146335 0.988144 5.75588e-10 2.6605e-05
0.9279 0.0146342 0.988143 5.7564e-10 2.64426e-05
0.9281 0.014635 0.988141 5.76735e-10 2.65645e-05
0.9283 0.0146357 0.98814 5.70955e-10 2.62616e-05
0.9285 0.0146365 0.988139 5.73933e-10 2.6501e-05
0.9287 0.0146372 0.988138 5.74229e-10 2.67503e-05
0.9289 0.014638 0.988136 5.802e-10 2.67151e-05
0.9291 0.0146387 0.988135 5.82902e-10 2.67515e-05
0.9293 0.0146394 0.988134 5.86255e-10 2.67053e-05
0.9295 0.0146402 0.988133 5.88554e-10 2.68934e-05
0.9297 0.0146409 0.988132 5.8994e-10 2.69241e-05
0.9299 0.0146417 0.98813 5.89532e-10 2.70211e-05
0.9301 0.0146424 0.988129 5.88821e-10 2.68767e-05
0.9303 0.0146432 0.988128 5.86722e-10 2.71103e-05
0.9305 0.0146439 0.988127 5.83411e-10 2.62984e-05
0.9307 0.0146446 0.988125 5.88139e-10 2.69874e-05
0.9309 0.0146454 0.988124 5.83468e-10 2.65192e-05
0.9311 0.0146461 0.988123 5.83926e-10 2.6757e-05
0.9313 0.0146469 0.988122 5.78216e-10 2.66431e-05
0.9315 0.0146476 0.98812 5.79733e-10 2.69632e-05
0.9317 0.0146484 0.988119 5.7779e-10 2.6685e-05
0.9319 0.0146491 0.988118 5.86482e-10 2.74307e-05
0.9321 0.0146498 0.988117 5.84529e-10 2.73695e-05
0.9323 0.0146506 0.988116 5.88404e-10 2.77471e-05
0.9325 0.0146513 0.988114 5.90399e-10 2.78706e-05
0.9327 0.0146521 0.988113 5.87388e-10 2.75991e-05
0.9329 0.0146528 0.988112 5.89345e-10 2.73464e-05
0.9331 0.0146536 0.988111 5.88033e-10 2.7934e-05
0.9333 0.0146543 0.988109 5.85218e-10 2.75222e-05
0.9335 0.014655 0.988108 5.90346e-10 2.79235e-05
0.9337 0.0146558 0.988107 5.92259e-10 2.81646e-05
0.9339 0.0146565 0.988106 5.96743e-10 2.82069e-05
0.9341 0.0146573 0.988105 5.98246e-10 2.83126e-05
0.9343 0.014658 0.988103 6.02282e-10 2.85193e-05
0.9345 0.0146587 0.988102 6.00201e-10 2.83164e-05
0.9347 0.0146595 0.988101 5.9686e-10 2.77616e-05
0.9349 0.0146602 0.9881 5.96549e-10 2.81835e-05
0.9351 0.014661 0.988098 5.95161e-10 2.78266e-05
0.9353 0.0146617 0.988097 5.94666e-10 2.81682e-05
0.9355 0.0146624 0.988096 5.87045e-10 2.74305e-05
0.9357 0.0146632 0.988095 5.84512e-10 2.73472e-05
0.9359 0.0146639 0.988093 5.85571e-10 2.74535e-05
0.9361 0.0146647 0.988092 5.854e-10 2.75176e-05
0.9363 0.0146654 0.988091 5.79558e-10 2.65339e-05
0.9365 0.0146661 0.98809 5.84501e-10 2.72743e-05
0.9367 0.0146669 0.988089 5.83063e-10 2.70089e-05
0.9369 0.0146676 0.988087 5.87145e-10 2.71649e-05
0.9371 0.0146684 0.988086 5.88671e-10 2.68261e-05
0.9373 0.0146691 0.988085 5.94393e-10 2.74154e-05
0.9375 0.0146698 0.988084 5.89136e-10 2.73886e-05
0.9377 0.0146706 0.988082 5.88983e-10 2.74526e-05
0.9379 0.0146713 0.988081 5.86311e-10 2.72234e-05
0.9381 0.0146721 0.98808 5.8831e-10 2.74274e-05
0.9383 0.0146728 0.988079 5.8823e-10 2.75207e-05
0.9385 0.0146735 0.988078 5.92679e-10 2.77905e-05
0.9387 0.0146743 0.988076 5.91964e-10 2.76808e-05
0.9389 0.014675 0.988075 5.96703e-10 2.75723e-05
0.9391 0.0146757 0.988074 5.92327e-10 2.69986e-05
0.9393 0.0146765 0.988073 5.92922e-10 2.74193e-05
0.9395 0.0146772 0.988071 5.92205e-10 2.70605e-05
0.9397 0.014678 0.98807 5.95751e-10 2.73777e-05
0.9399 0.0146787 0.988069 5.95475e-10 2.70846e-05
0.9401 0.0146794 0.988068 5.9834e-10 2.76125e-05
0.9403 0.0146802 0.988067 5.93256e-10 2.76272e-05
0.9405 0.0146809 0.988065 5.94693e-10 2.76766e-05
0.9407 0.0146817 0.988064 5.93872e-10 2.79127e-05
0.9409 0.0146824 0.988063 5.95997e-10 2.79236e-05
0.9411 0.0146831 0.988062 5.96095e-10 2.83128e-05
0.9413 0.0146839 0.98806 5.97632e-10 2.84671e-05
0.9415 0.0146846 0.988059 6.03571e-10 2.89737e-05
0.9417 0.0146854 0.988058 6.02377e-10 2.86803e-05
0.9419 0.0146861 0.988057 6.00687e-10 2.80864e-05
0.9421 0.0146868 0.988056 6.07484e-10 2.88693e-05
0.9423 0.0146876 0.988054 6.07227e-10 2.89433e-05
0.9425 0.0146883 0.988053 6.02436e-10 2.83993e-05
0.9427 0.014689 0.988052 5.98169e-10 2.82876e-05
0.9429 0.0146898 0.988051 5.99529e-10 2.84198e-05
0.9431 0.0146905 0.988049 5.98613e-10 2.81054e-05
0.9433 0.0146913 0.988048 6.01945e-10 2.85203e-05
0.9435 0.014692 0.988047 5.99336e-10 2.80536e-05
0.9437 0.0146927 0.988046 5.97026e-10 2.78696e-05
0.9439 0.0146935 0.988045 6.01026e-10 2.83115e-05
0.9441 0.0146942 0.988043 5.96128e-10 2.79708e-05
0.9443 0.014695 0.988042 5.98041e-10 2.80032e-05
0.9445 0.0146957 0.988041 5.99973e-10 2.77846e-05
0.9447 0.0146964 0.98804 5.95884e-10 2.74418e-05
0.9449 0.0146972 0.988038 5.97883e-10 2.78863e-05
0.9451 0.0146979 0.988037 5.98313e-10 2.7899e-05
0.9453 0.0146986 0.988036 6.00658e-10 2.7938e-05
0.9455 0.0146994 0.988035 6.03089e-10 2.786e-05
0.9457 0.0147001 0.988034 6.03858e-10 2.7973e-05
0.9459 0.0147008 0.988032 6.05904e-10 2.82429e-05
0.9461 0.0147016 0.988031 6.05511e-10 2.82932e-05
0.9463 0.0147023 0.98803 5.99666e-10 2.81249e-05
0.9465 0.0147031 0.988029 5.93622e-10 2.79042e-05
0.9467 0.0147038 0.988027 5.90693e-10 2.74907e-05
0.9469 0.0147045 0.988026 5.92104e-10 2.78271e-05
0.9471 0.0147053 0.988025 5.88412e-10 2.77754e-05
0.9473 0.014706 0.988024 5.92819e-10 2.79944e-05
0.9475 0.0147067 0.988023 5.93277e-10 2.79974e-05
0.9477 0.0147075 0.988021 5.97041e-10 2.77838e-05
0.9479 0.0147082 0.98802 6.06146e-10 2.86513e-05
0.9481 0.0147089 0.988019 6.00976e-10 2.82145e-05
0.9483 0.0147097 0.988018 5.9901e-10 2.82474e-05
0.9485 0.0147104 0.988017 6.06494e-10 2.87485e-05
0.9487 0.0147111 0.988015 6.0043e-10 2.82402e-05
0.9489 0.0147119 0.988014 6.01076e-10 2.86511e-05
0.9491 0.0147126 0.988013 6.03451e-10 2.88215e-05
0.9493 0.0147133 0.988012 6.01095e-10 2.90097e-05
0.9495 0.0147141 0.98801 5.98721e-10 2.8916e-05
0.9497 0.0147148 0.988009 6.04927e-10 2.94855e-05
0.9499 0.0147155 0.988008 6.07168e-10 2.95777e-05
0.9501 0.0147163 0.988007 6.07198e-10 2.93658e-05
0.9503 0.014717 0.988006 6.07978e-10 2.96158e-05
0.9505 0.0147177 0.988004 6.07129e-10 2.96228e-05
0.9507 0.0147185 0.988003 6.10211e-10 2.91896e-05
0.9508 0.0147188 0.988003 1.35244e-10 7.26112e-06
0.9509 0.0147192 0.988002 1.36939e-10 7.43992e-06
0.951 0.0147196 0.988001 1.37702e-10 7.45857e-06
0.9511 0.0147199 0.988001 1.36776e-10 7.44244e-06
0.9512 0.0147203 0.988 1.37695e-10 7.45671e-06
0.9513 0.0147207 0.988 1.38144e-10 7.45521e-06
0.9514 0.014721 0.987999 1.38845e-10 7.50078e-06
0.9515 0.0147214 0.987998 1.39459e-10 7.53312e-06
0.9516 0.0147218 0.987998 1.39324e-10 7.53843e-06
0.9517 0.0147221 0.987997 1.39108e-10 7.44284e-06
0.9518 0.0147225 0.987996 1.40309e-10 7.58e-06
0.9519 0.0147229 0.987996 1.39167e-10 7.49888e-06
0.952 0.0147232 0.987995 1.38292e-10 7.43445e-06
0.9521 0.0147236 0.987995 1.40496e-10 7.59628e-06
0.9522 0.014724 0.987994 1.41077e-10 7.59546e-06
0.9523 0.0147243 0.987993 1.39807e-10 7.44014e-06
0.9524 0.0147247 0.987993 1.39098e-10 7.41155e-06
0.9525 0.0147251 0.987992 1.38538e-10 7.3917e-06
0.9526 0.0147254 0.987992 1.38528e-10 7.41143e-06
0.9527 0.0147258 0.987991 1.39829e-10 7.43124e-06
0.9528 0.0147262 0.98799 1.39903e-10 7.46908e-06
0.953 0.0147269 0.987989 6.3293e-10 2.96149e-05
0.9532 0.0147276 0.987988 6.27088e-10 2.95925e-05
0.9534 0.0147284 0.987987 6.25176e-10 2.92963e-05
0.9536 0.0147291 0.987986 6.25655e-10 2.95022e-05
0.9538 0.0147298 0.987984 6.22759e-10 2.92828e-05
0.954 0.0147306 0.987983 6.15036e-10 2.87609e-05
0.9542 0.0147313 0.987982 6.20644e-10 2.90045e-05
0.9544 0.0147321 0.987981 6.2363e-10 2.91482e-05
0.9546 0.0147328 0.987979 6.24845e-10 2.9239e-05
0.9547 0.0147332 0.987979 1.3818e-10 7.38638e-06
0.9548 0.0147335 0.987978 1.38516e-10 7.42506e-06
0.9549 0.0147339 0.987978 1.38905e-10 7.45394e-06
0.955 0.0147343 0.987977 1.39497e-10 7.48436e-06
0.9551 0.0147346 0.987976 1.39494e-10 7.46143e-06
0.9552 0.014735 0.987976 1.40166e-10 7.50435e-06
0.9553 0.0147354 0.987975 1.40762e-10 7.5138e-06
0.9554 0.0147357 0.987975 1.41412e-10 7.56974e-06
0.9555 0.0147361 0.987974 1.41697e-10 7.55039e-06
0.9556 0.0147365 0.987973 1.40805e-10 7.53732e-06
0.9557 0.0147368 0.987973 1.4032e-10 7.5355e-06
0.9558 0.0147372 0.987972 1.39674e-10 7.52444e-06
0.9559 0.0147376 0.987972 1.39079e-10 7.35919e-06
0.956 0.0147379 0.987971 1.39743e-10 7.50054e-06
0.9561 0.0147383 0.98797 1.38939e-10 7.54351e-06
0.9562 0.0147387 0.98797 1.38466e-10 7.45968e-06
0.9563 0.014739 0.987969 1.388e-10 7.46823e-06
0.9564 0.0147394 0.987969 1.38729e-10 7.48685e-06
0.9565 0.0147398 0.987968 1.39916e-10 7.54286e-06
0.9566 0.0147401 0.987967 1.39766e-10 7.54851e-06
0.9567 0.0147405 0.987967 1.39523e-10 7.56052e-06
0.9568 0.0147409 0.987966 1.39924e-10 7.59029e-06
0.9569 0.0147412 0.987966 1.38221e-10 7.41701e-06
0.957 0.0147416 0.987965 1.38048e-10 7.48816e-06
0.9571 0.014742 0.987964 1.37428e-10 7.4798e-06
0.9572 0.0147423 0.987964 1.37676e-10 7.52876e-06
0.9573 0.0147427 0.987963 1.38297e-10 7.56028e-06
0.9574 0.0147431 0.987962 1.38998e-10 7.6103e-06
0.9575 0.0147434 0.987962 1.38007e-10 7.36719e-06
0.9576 0.0147438 0.987961 1.39294e-10 7.56433e-06
0.9577 0.0147442 0.987961 1.38899e-10 7.55798e-06
0.9578 0.0147445 0.98796 1.38288e-10 7.47191e-06
0.9579 0.0147449 0.987959 1.39308e-10 7.59398e-06
0.958 0.0147453 0.987959 1.39034e-10 7.60686e-06
0.9581 0.0147456 0.987958 1.40917e-10 7.61833e-06
0.9582 0.014746 0.987958 1.40896e-10 7.73931e-06
0.9583 0.0147464 0.987957 1.41202e-10 7.75924e-06
0.9584 0.0147467 0.987956 1.4103e-10 7.75339e-06
0.9585 0.0147471 0.987956 1.39888e-10 7.66559e-06
0.9586 0.0147475 0.987955 1.396e-10 7.53174e-06
0.9587 0.0147478 0.987955 1.39723e-10 7.54567e-06
0.9588 0.0147482 0.987954 1.38733e-10 7.52436e-06
0.9589 0.0147486 0.987953 1.38618e-10 7.54914e-06
0.959 0.0147489 0.987953 1.38596e-10 7.56388e-06
0.9591 0.0147493 0.987952 1.37346e-10 7.55027e-06
0.9592 0.0147497 0.987952 1.37183e-10 7.5401e-06
0.9593 0.01475 0.987951 1.38547e-10 7.73737e-06
0.9594 0.0147504 0.98795 1.38144e-10 7.75885e-06
0.9595 0.0147508 0.98795 1.38033e-10 7.60591e-06
0.9596 0.0147511 0.987949 1.37619e-10 7.49376e-06
0.9597 0.0147515 0.987949 1.36838e-10 7.46966e-06
0.9598 0.0147519 0.987948 1.37364e-10 7.50472e-06
0.9599 0.0147522 0.987947 1.37681e-10 7.54369e-06
0.96 0.0147526 0.987947 1.37353e-10 7.52441e-06
0.9601 0.014753 0.987946 1.36846e-10 7.40385e-06
0.9602 0.0147533 0.987946 1.37449e-10 7.37394e-06
0.9603 0.0147537 0.987945 1.38169e-10 7.46508e-06
0.9604 0.014754 0.987944 1.38461e-10 7.48531e-06
0.9605 0.0147544 0.987944 1.38819e-10 7.49328e-06
0.9606 0.0147548 0.987943 1.39923e-10 7.59653e-06
0.9607 0.0147551 0.987943 1.40765e-10 7.67212e-06
0.9608 0.0147555 0.987942 1.40488e-10 7.63431e-06
0.9609 0.0147559 0.987941 1.40985e-10 7.71239e-06
0.961 0.0147562 0.987941 1.41937e-10 7.74312e-06
0.9611 0.0147566 0.98794 1.42766e-10 7.78794e-06
0.9612 0.014757 0.98794 1.42587e-10 7.69768e-06
0.9613 0.0147573 0.987939 1.42626e-10 7.74537e-06
0.9614 0.0147577 0.987938 1.42719e-10 7.75455e-06
0.9615 0.0147581 0.987938 1.42353e-10 7.71144e-06
0.9616 0.0147584 0.987937 1.42314e-10 7.71079e-06
0.9617 0.0147588 0.987937 1.42108e-10 7.76807e-06
0.9618 0.0147592 0.987936 1.42304e-10 7.81987e-06
0.9619 0.0147595 0.987935 1.42597e-10 7.84435e-06
0.962 0.0147599 0.987935 1.42758e-10 7.88798e-06
0.9621 0.0147603 0.987934 1.43629e-10 7.93602e-06
0.9622 0.0147606 0.987934 1.43097e-10 7.94896e-06
0.9623 0.014761 0.987933 1.43097e-10 7.81563e-06
0.9624 0.0147613 0.987932 1.43824e-10 7.87522e-06
0.9625 0.0147617 0.987932 1.4384e-10 7.84506e-06
0.9626 0.0147621 0.987931 1.42953e-10 7.89273e-06
0.9627 0.0147624 0.98793 1.44377e-10 7.82139e-06
0.9628 0.0147628 0.98793 1.44163e-10 7.7944e-06
0.9629 0.0147632 0.987929 1.43813e-10 7.70348e-06
0.963 0.0147635 0.987929 1.44272e-10 7.76258e-06
0.9631 0.0147639 0.987928 1.44522e-10 7.66163e-06
0.9632 0.0147643 0.987927 1.44777e-10 7.67674e-06
0.9633 0.0147646 0.987927 1.44784e-10 7.69072e-06
0.9634 0.014765 0.987926 1.44387e-10 7.67751e-06
0.9635 0.0147654 0.987926 1.45193e-10 7.68574e-06
0.9636 0.0147657 0.987925 1.44818e-10 7.64782e-06
0.9637 0.0147661 0.987924 1.44952e-10 7.6872e-06
0.9638 0.0147665 0.987924 1.45304e-10 7.67976e-06
0.9639 0.0147668 0.987923 1.45801e-10 7.73116e-06
0.964 0.0147672 0.987923 1.44747e-10 7.69823e-06
0.9641 0.0147676 0.987922 1.44864e-10 7.69384e-06
0.9642 0.0147679 0.987921 1.45257e-10 7.72436e-06
0.9643 0.0147683 0.987921 1.45068e-10 7.7279e-06
0.9644 0.0147687 0.98792 1.45079e-10 7.72903e-06
0.9645 0.014769 0.98792 1.44597e-10 7.72839e-06
0.9646 0.0147694 0.987919 1.45441e-10 7.76548e-06
0.9647 0.0147698 0.987918 1.45069e-10 7.63939e-06
0.9648 0.0147701 0.987918 1.44811e-10 7.72429e-06
0.9649 0.0147705 0.987917 1.44858e-10 7.64759e-06
0.965 0.0147709 0.987917 1.45197e-10 7.72441e-06
0.9651 0.0147712 0.987916 1.44657e-10 7.71672e-06
0.9652 0.0147716 0.987915 1.44485e-10 7.72784e-06
0.9653 0.014772 0.987915 1.44399e-10 7.73443e-06
0.9654 0.0147723 0.987914 1.44292e-10 7.78061e-06
0.9655 0.0147727 0.987914 1.44007e-10 7.77761e-06
0.9656 0.014773 0.987913 1.44704e-10 7.87059e-06
0.9657 0.0147734 0.987912 1.45578e-10 7.94181e-06
0.9658 0.0147738 0.987912 1.45819e-10 7.84949e-06
0.9659 0.0147741 0.987911 1.45412e-10 7.79739e-06
0.966 0.0147745 0.987911 1.46175e-10 7.87912e-06
0.9661 0.0147749 0.98791 1.45576e-10 7.87665e-06
0.9662 0.0147752 0.987909 1.4492e-10 7.87611e-06
0.9663 0.0147756 0.987909 1.44794e-10 7.88537e-06
0.9664 0.014776 0.987908 1.45229e-10 7.91277e-06
0.9665 0.0147763 0.987908 1.45177e-10 7.91911e-06
0.9666 0.0147767 0.987907 1.45505e-10 7.98e-06
0.9667 0.0147771 0.987906 1.46346e-10 8.03027e-06
0.9668 0.0147774 0.987906 1.48034e-10 8.19678e-06
0.9669 0.0147778 0.987905 1.47995e-10 8.24978e-06
0.967 0.0147782 0.987905 1.48714e-10 8.33189e-06
0.9671 0.0147785 0.987904 1.49129e-10 8.4364e-06
0.9672 0.0147789 0.987903 1.49127e-10 8.51749e-06
0.9673 0.0147793 0.987903 1.48387e-10 8.28396e-06
0.9674 0.0147796 0.987902 1.47153e-10 7.9674e-06
0.9675 0.01478 0.987902 1.47621e-10 8.06264e-06
0.9676 0.0147804 0.987901 1.47724e-10 8.09313e-06
0.9677 0.0147807 0.9879 1.47287e-10 8.09889e-06
0.9678 0.0147811 0.9879 1.47657e-10 8.15064e-06
0.9679 0.0147814 0.987899 1.47695e-10 8.18333e-06
0.968 0.0147818 0.987899 1.46083e-10 7.93261e-06
0.9681 0.0147822 0.987898 1.47766e-10 8.03081e-06
0.9682 0.0147825 0.987897 1.47974e-10 8.08731e-06
0.9683 0.0147829 0.987897 1.46954e-10 8.06074e-06
0.9684 0.0147833 0.987896 1.46602e-10 8.05575e-06
0.9685 0.0147836 0.987896 1.45868e-10 8.04316e-06
0.9686 0.014784 0.987895 1.46645e-10 8.0469e-06
0.9687 0.0147844 0.987894 1.4646e-10 8.06644e-06
0.9688 0.0147847 0.987894 1.46939e-10 8.02045e-06
0.9689 0.0147851 0.987893 1.47339e-10 8.01316e-06
0.969 0.0147855 0.987893 1.47583e-10 8.12627e-06
0.9691 0.0147858 0.987892 1.4729e-10 8.06671e-06
0.9692 0.0147862 0.987891 1.46709e-10 8.10001e-06
0.9693 0.0147866 0.987891 1.47722e-10 8.13491e-06
0.9694 0.0147869 0.98789 1.48275e-10 8.20215e-06
0.9695 0.0147873 0.98789 1.49203e-10 8.31565e-06
0.9696 0.0147877 0.987889 1.49576e-10 8.35125e-06
0.9697 0.014788 0.987888 1.47758e-10 7.99324e-06
0.9698 0.0147884 0.987888 1.47861e-10 8.01e-06
0.9699 0.0147887 0.987887 1.47969e-10 8.02524e-06
0.97 0.0147891 0.987887 1.47106e-10 7.88301e-06
0.9701 0.0147895 0.987886 1.48767e-10 8.04858e-06
0.9702 0.0147898 0.987885 1.49688e-10 8.14451e-06
0.9703 0.0147902 0.987885 1.50888e-10 8.20145e-06
0.9704 0.0147906 0.987884 1.50829e-10 8.0809e-06
0.9705 0.0147909 0.987884 1.50868e-10 8.12766e-06
0.9706 0.0147913 0.987883 1.501e-10 8.09389e-06
0.9707 0.0147917 0.987882 1.50476e-10 8.09619e-06
0.9708 0.014792 0.987882 1.50009e-10 7.99302e-06
0.9709 0.0147924 0.987881 1.49561e-10 7.99117e-06
0.971 0.0147928 0.987881 1.48966e-10 7.94999e-06
0.9711 0.0147931 0.98788 1.48936e-10 7.93896e-06
0.9712 0.0147935 0.987879 1.47914e-10 7.90706e-06
0.9713 0.0147938 0.987879 1.47531e-10 7.8736e-06
0.9714 0.0147942 0.987878 1.47053e-10 7.79284e-06
0.9715 0.0147946 0.987878 1.47646e-10 7.86892e-06
0.9716 0.0147949 0.987877 1.47121e-10 7.87322e-06
0.9717 0.0147953 0.987876 1.4768e-10 7.91325e-06
0.9718 0.0147957 0.987876 1.49123e-10 7.95081e-06
0.9719 0.014796 0.987875 1.49824e-10 7.96942e-06
0.972 0.0147964 0.987875 1.49856e-10 7.92479e-06
0.9721 0.0147968 0.987874 1.50978e-10 8.05368e-06
0.9722 0.0147971 0.987873 1.50403e-10 8.04711e-06
0.9723 0.0147975 0.987873 1.50077e-10 7.98944e-06
0.9724 0.0147979 0.987872 1.50738e-10 8.05654e-06
0.9725 0.0147982 0.987872 1.51714e-10 8.11464e-06
0.9726 0.0147986 0.987871 1.51126e-10 8.12061e-06
0.9727 0.0147989 0.98787 1.50497e-10 8.09256e-06
0.9728 0.0147993 0.98787 1.50608e-10 8.11176e-06
0.9729 0.0147997 0.987869 1.50897e-10 8.04492e-06
0.973 0.0148 0.987869 1.51275e-10 8.0913e-06
0.9731 0.0148004 0.987868 1.52972e-10 8.19304e-06
0.9732 0.0148008 0.987867 1.51676e-10 8.08946e-06
0.9733 0.0148011 0.987867 1.52719e-10 8.23018e-06
0.9734 0.0148015 0.987866 1.51938e-10 8.21232e-06
0.9735 0.0148018 0.987866 1.52337e-10 8.25214e-06
0.9736 0.0148022 0.987865 1.5199e-10 8.19098e-06
0.9737 0.0148026 0.987864 1.53008e-10 8.3062e-06
0.9738 0.0148029 0.987864 1.52236e-10 8.32199e-06
0.9739 0.0148033 0.987863 1.52714e-10 8.36464e-06
0.974 0.0148037 0.987863 1.53172e-10 8.46864e-06
0.9741 0.014804 0.987862 1.5353e-10 8.49597e-06
0.9742 0.0148044 0.987861 1.54098e-10 8.3693e-06
0.9743 0.0148047 0.987861 1.53717e-10 8.33866e-06
0.9744 0.0148051 0.98786 1.54825e-10 8.38827e-06
0.9745 0.0148055 0.98786 1.54283e-10 8.37849e-06
0.9746 0.0148058 0.987859 1.53704e-10 8.40704e-06
0.9747 0.0148062 0.987858 1.53944e-10 8.46073e-06
0.9748 0.0148066 0.987858 1.54408e-10 8.37274e-06
0.9749 0.0148069 0.987857 1.55428e-10 8.51711e-06
0.975 0.0148073 0.987857 1.55327e-10 8.52698e-06
0.9751 0.0148077 0.987856 1.55648e-10 8.57276e-06
0.9752 0.014808 0.987855 1.55399e-10 8.55102e-06
0.9753 0.0148084 0.987855 1.54486e-10 8.50588e-06
0.9754 0.0148088 0.987854 1.54479e-10 8.42597e-06
0.9755 0.0148091 0.987854 1.55644e-10 8.65963e-06
0.9756 0.0148095 0.987853 1.55907e-10 8.71465e-06
0.9757 0.0148098 0.987852 1.56e-10 8.73222e-06
0.9758 0.0148102 0.987852 1.57267e-10 8.75826e-06
0.9759 0.0148106 0.987851 1.55377e-10 8.48865e-06
0.976 0.0148109 0.987851 1.55141e-10 8.39732e-06
0.9761 0.0148113 0.98785 1.55017e-10 8.41396e-06
0.9762 0.0148117 0.987849 1.54948e-10 8.41449e-06
0.9763 0.014812 0.987849 1.54677e-10 8.42242e-06
0.9764 0.0148124 0.987848 1.54178e-10 8.49113e-06
0.9765 0.0148128 0.987848 1.55123e-10 8.55889e-06
0.9766 0.0148131 0.987847 1.54945e-10 8.57246e-06
0.9767 0.0148135 0.987846 1.54964e-10 8.48845e-06
0.9768 0.0148139 0.987846 1.56337e-10 8.655e-06
0.9769 0.0148142 0.987845 1.55154e-10 8.698e-06
0.977 0.0148146 0.987845 1.57297e-10 8.83605e-06
0.9771 0.014815 0.987844 1.57762e-10 8.87806e-06
0.9772 0.0148153 0.987843 1.55838e-10 8.46754e-06
0.9773 0.0148157 0.987843 1.54546e-10 8.3051e-06
0.9774 0.014816 0.987842 1.53132e-10 8.17927e-06
0.9775 0.0148164 0.987842 1.53356e-10 8.19428e-06
0.9776 0.0148168 0.987841 1.52828e-10 8.17378e-06
0.9777 0.0148171 0.98784 1.51995e-10 8.13893e-06
0.9778 0.0148175 0.98784 1.51793e-10 8.13688e-06
0.9779 0.0148179 0.987839 1.51584e-10 8.11627e-06
0.978 0.0148182 0.987839 1.51379e-10 8.09898e-06
0.9781 0.0148186 0.987838 1.5143e-10 8.10966e-06
0.9782 0.014819 0.987837 1.51054e-10 8.10637e-06
0.9783 0.0148193 0.987837 1.50155e-10 8.09525e-06
0.9784 0.0148197 0.987836 1.50605e-10 8.15557e-06
0.9785 0.01482 0.987836 1.5075e-10 8.14302e-06
0.9786 0.0148204 0.987835 1.51991e-10 8.22474e-06
0.9787 0.0148208 0.987834 1.52546e-10 8.27928e-06
0.9788 0.0148211 0.987834 1.52572e-10 8.2316e-06
0.9789 0.0148215 0.987833 1.53167e-10 8.24008e-06
0.979 0.0148219 0.987833 1.52318e-10 8.29375e-06
0.9791 0.0148222 0.987832 1.52767e-10 8.25289e-06
0.9792 0.0148226 0.987831 1.53047e-10 8.23781e-06
0.9793 0.014823 0.987831 1.53145e-10 8.20631e-06
0.9794 0.0148233 0.98783 1.54587e-10 8.2937e-06
0.9795 0.0148237 0.98783 1.54559e-10 8.30257e-06
0.9796 0.0148241 0.987829 1.54653e-10 8.29911e-06
0.9797 0.0148244 0.987828 1.53685e-10 8.25518e-06
0.9798 0.0148248 0.987828 1.5373e-10 8.29891e-06
0.9799 0.0148251 0.987827 1.54875e-10 8.40608e-06
0.98 0.0148255 0.987827 1.54614e-10 8.42108e-06
0.9801 0.0148259 0.987826 1.53905e-10 8.41578e-06
0.9802 0.0148262 0.987826 1.53948e-10 8.44928e-06
0.9803 0.0148266 0.987825 1.54136e-10 8.48327e-06
0.9804 0.014827 0.987824 1.552e-10 8.57111e-06
0.9805 0.0148273 0.987824 1.56049e-10 8.62347e-06
0.9806 0.0148277 0.987823 1.55981e-10 8.62742e-06
0.9807 0.0148281 0.987823 1.5614e-10 8.71806e-06
0.9808 0.0148284 0.987822 1.56882e-10 8.75979e-06
0.9809 0.0148288 0.987821 1.55029e-10 8.22051e-06
0.981 0.0148291 0.987821 1.54513e-10 8.20837e-06
0.9811 0.0148295 0.98782 1.54146e-10 8.22886e-06
0.9812 0.0148299 0.98782 1.53144e-10 8.19142e-06
0.9813 0.0148302 0.987819 1.54201e-10 8.23193e-06
0.9814 0.0148306 0.987818 1.55151e-10 8.25969e-06
0.9815 0.014831 0.987818 1.54789e-10 8.24955e-06
0.9816 0.0148313 0.987817 1.53185e-10 8.05872e-06
0.9817 0.0148317 0.987817 1.5485e-10 8.23717e-06
0.9818 0.014832 0.987816 1.53421e-10 8.2165e-06
0.9819 0.0148324 0.987815 1.53966e-10 8.21131e-06
0.982 0.0148328 0.987815 1.53044e-10 8.18645e-06
0.9821 0.0148331 0.987814 1.52395e-10 8.1904e-06
0.9822 0.0148335 0.987814 1.52923e-10 8.18379e-06
0.9823 0.0148339 0.987813 1.52728e-10 8.18771e-06
0.9824 0.0148342 0.987812 1.52482e-10 8.12565e-06
0.9825 0.0148346 0.987812 1.53565e-10 8.22971e-06
0.9826 0.0148349 0.987811 1.52557e-10 8.16262e-06
0.9827 0.0148353 0.987811 1.54394e-10 8.30661e-06
0.9828 0.0148357 0.98781 1.54323e-10 8.3515e-06
0.9829 0.014836 0.987809 1.53597e-10 8.33878e-06
0.983 0.0148364 0.987809 1.52816e-10 8.33272e-06
0.9831 0.0148368 0.987808 1.53211e-10 8.36062e-06
0.9832 0.0148371 0.987808 1.53754e-10 8.41305e-06
0.9833 0.0148375 0.987807 1.53652e-10 8.44472e-06
0.9834 0.0148378 0.987806 1.53929e-10 8.45903e-06
0.9835 0.0148382 0.987806 1.53638e-10 8.47482e-06
0.9836 0.0148386 0.987805 1.53041e-10 8.49682e-06
0.9837 0.0148389 0.987805 1.52601e-10 8.50575e-06
0.9838 0.0148393 0.987804 1.51897e-10 8.53315e-06
0.9839 0.0148397 0.987804 1.53006e-10 8.57968e-06
0.984 0.01484 0.987803 1.54233e-10 8.66562e-06
0.9841 0.0148404 0.987802 1.54843e-10 8.73962e-06
0.9842 0.0148407 0.987802 1.54861e-10 8.68669e-06
0.9843 0.0148411 0.987801 1.56066e-10 8.80154e-06
0.9844 0.0148415 0.987801 1.56797e-10 8.8834e-06
0.9845 0.0148418 0.9878 1.56648e-10 8.80986e-06
0.9846 0.0148422 0.987799 1.57398e-10 8.91455e-06
0.9847 0.0148426 0.987799 1.56933e-10 8.92231e-06
0.9848 0.0148429 0.987798 1.58415e-10 9.08081e-06
0.9849 0.0148433 0.987798 1.57576e-10 8.92898e-06
0.985 0.0148436 0.987797 1.5848e-10 9.07592e-06
0.9851 0.014844 0.987796 1.59004e-10 9.23175e-06
0.9852 0.0148444 0.987796 1.58418e-10 9.26429e-06
0.9853 0.0148447 0.987795 1.58532e-10 9.28332e-06
0.9854 0.0148451 0.987795 1.58253e-10 9.28362e-06
0.9855 0.0148455 0.987794 1.55401e-10 8.68989e-06
0.9856 0.0148458 0.987793 1.54407e-10 8.55958e-06
0.9857 0.0148462 0.987793 1.54084e-10 8.53427e-06
0.9858 0.0148465 0.987792 1.54166e-10 8.58966e-06
0.9859 0.0148469 0.987792 1.56045e-10 8.62453e-06
0.986 0.0148473 0.987791 1.56347e-10 8.66451e-06
0.9861 0.0148476 0.98779 1.57965e-10 8.7311e-06
0.9862 0.014848 0.98779 1.58529e-10 8.61096e-06
0.9863 0.0148484 0.987789 1.60109e-10 8.79118e-06
0.9864 0.0148487 0.987789 1.59336e-10 8.78231e-06
0.9865 0.0148491 0.987788 1.59254e-10 8.83701e-06
0.9866 0.0148495 0.987787 1.594e-10 8.86785e-06
0.9867 0.0148498 0.987787 1.60297e-10 8.8833e-06
0.9868 0.0148502 0.987786 1.59079e-10 8.55935e-06
0.9869 0.0148505 0.987786 1.60135e-10 8.65147e-06
0.987 0.0148509 0.987785 1.60713e-10 8.6027e-06
0.9871 0.0148513 0.987784 1.61917e-10 8.67278e-06
0.9872 0.0148516 0.987784 1.60831e-10 8.65153e-06
0.9873 0.014852 0.987783 1.60662e-10 8.68525e-06
0.9874 0.0148524 0.987783 1.60149e-10 8.64794e-06
0.9875 0.0148527 0.987782 1.60002e-10 8.67369e-06
0.9876 0.0148531 0.987782 1.61227e-10 8.70023e-06
0.9877 0.0148535 0.987781 1.60204e-10 8.67109e-06
0.9878 0.0148538 0.98778 1.59933e-10 8.67267e-06
0.9879 0.0148542 0.98778 1.61012e-10 8.91079e-06
0.988 0.0148545 0.987779 1.61171e-10 8.92247e-06
0.9881 0.0148549 0.987779 1.60136e-10 8.86944e-06
0.9882 0.0148553 0.987778 1.6026e-10 8.67986e-06
0.9883 0.0148556 0.987777 1.60302e-10 8.57179e-06
0.9884 0.014856 0.987777 1.60773e-10 8.59101e-06
0.9885 0.0148564 0.987776 1.59678e-10 8.53304e-06
0.9886 0.0148567 0.987776 1.60295e-10 8.56581e-06
0.9887 0.0148571 0.987775 1.59515e-10 8.54203e-06
0.9888 0.0148574 0.987774 1.59345e-10 8.53651e-06
0.9889 0.0148578 0.987774 1.59329e-10 8.54776e-06
0.989 0.0148582 0.987773 1.58262e-10 8.51895e-06
0.9891 0.0148585 0.987773 1.58055e-10 8.48397e-06
0.9892 0.0148589 0.987772 1.59148e-10 8.56091e-06
0.9893 0.0148593 0.987771 1.59698e-10 8.5892e-06
0.9894 0.0148596 0.987771 1.59996e-10 8.62321e-06
0.9895 0.01486 0.98777 1.59796e-10 8.57479e-06
0.9896 0.0148604 0.98777 1.61578e-10 8.72992e-06
0.9897 0.0148607 0.987769 1.62e-10 8.5979e-06
0.9898 0.0148611 0.987768 1.61416e-10 8.60596e-06
0.9899 0.0148614 0.987768 1.60843e-10 8.40171e-06
0.99 0.0148618 0.987767 1.6127e-10 8.40033e-06
0.9901 0.0148622 0.987767 1.61966e-10 8.49209e-06
0.9902 0.0148625 0.987766 1.60748e-10 8.38318e-06
0.9903 0.0148629 0.987765 1.62049e-10 8.49616e-06
0.9904 0.0148633 0.987765 1.62539e-10 8.47344e-06
0.9905 0.0148636 0.987764 1.63433e-10 8.54634e-06
0.9906 0.014864 0.987764 1.6323e-10 8.54721e-06
0.9907 0.0148644 0.987763 1.63021e-10 8.518e-06
0.9908 0.0148647 0.987763 1.63518e-10 8.59384e-06
0.9909 0.0148651 0.987762 1.63152e-10 8.59734e-06
0.991 0.0148654 0.987761 1.62331e-10 8.51476e-06
0.9911 0.0148658 0.987761 1.61845e-10 8.55482e-06
0.9912 0.0148662 0.98776 1.62056e-10 8.59932e-06
0.9913 0.0148665 0.98776 1.61687e-10 8.62254e-06
0.9914 0.0148669 0.987759 1.61482e-10 8.65154e-06
0.9915 0.0148673 0.987758 1.6196e-10 8.70903e-06
0.9916 0.0148676 0.987758 1.61505e-10 8.68445e-06
0.9917 0.014868 0.987757 1.61134e-10 8.70067e-06
0.9918 0.0148683 0.987757 1.61444e-10 8.73936e-06
0.9919 0.0148687 0.987756 1.6094e-10 8.73763e-06
0.992 0.0148691 0.987755 1.61652e-10 8.79384e-06
0.9921 0.0148694 0.987755 1.61854e-10 8.80255e-06
0.9922 0.0148698 0.987754 1.63044e-10 8.82142e-06
0.9923 0.0148702 0.987754 1.63338e-10 8.91975e-06
0.9924 0.0148705 0.987753 1.62888e-10 8.94087e-06
0.9925 0.0148709 0.987752 1.62935e-10 8.96075e-06
0.9926 0.0148712 0.987752 1.62449e-10 8.94393e-06
0.9927 0.0148716 0.987751 1.62374e-10 8.97632e-06
0.9928 0.014872 0.987751 1.61598e-10 8.97963e-06
0.9929 0.0148723 0.98775 1.61569e-10 9.06393e-06
0.993 0.0148727 0.987749 1.61286e-10 8.97073e-06
0.9931 0.0148731 0.987749 1.62395e-10 9.10095e-06
0.9932 0.0148734 0.987748 1.60686e-10 8.72599e-06
0.9933 0.0148738 0.987748 1.60461e-10 8.79311e-06
0.9934 0.0148741 0.987747 1.61615e-10 8.85742e-06
0.9935 0.0148745 0.987746 1.60791e-10 8.86237e-06
0.9936 0.0148749 0.987746 1.60965e-10 8.93545e-06
0.9937 0.0148752 0.987745 1.60257e-10 8.93665e-06
0.9938 0.0148756 0.987745 1.60077e-10 8.96775e-06
0.9939 0.014876 0.987744 1.60547e-10 8.94941e-06
0.994 0.0148763 0.987744 1.60832e-10 9.03108e-06
0.9941 0.0148767 0.987743 1.60405e-10 9.06571e-06
0.9942 0.014877 0.987742 1.60565e-10 9.09403e-06
0.9943 0.0148774 0.987742 1.59763e-10 9.1039e-06
0.9944 0.0148778 0.987741 1.59118e-10 9.05875e-06
0.9945 0.0148781 0.987741 1.59614e-10 9.31224e-06
0.9946 0.0148785 0.98774 1.60215e-10 9.35195e-06
0.9947 0.0148788 0.987739 1.60436e-10 9.39265e-06
0.9948 0.0148792 0.987739 1.60848e-10 9.15723e-06
0.9949 0.0148796 0.987738 1.58963e-10 9.01294e-06
0.995 0.0148799 0.987738 1.58237e-10 8.83073e-06
0.9951 0.0148803 0.987737 1.57972e-10 8.84302e-06
0.9952 0.0148807 0.987736 1.57253e-10 8.83804e-06
0.9953 0.014881 0.987736 1.57741e-10 8.87612e-06
0.9954 0.0148814 0.987735 1.58122e-10 8.92055e-06
0.9955 0.0148817 0.987735 1.5698e-10 8.87452e-06
0.9956 0.0148821 0.987734 1.58183e-10 8.95258e-06
0.9957 0.0148825 0.987733 1.57815e-10 8.97067e-06
0.9958 0.0148828 0.987733 1.59607e-10 9.01248e-06
0.9959 0.0148832 0.987732 1.60548e-10 9.29709e-06
0.996 0.0148835 0.987732 1.58817e-10 9.1844e-06
0.9961 0.0148839 0.987731 1.60387e-10 9.27348e-06
0.9962 0.0148843 0.987731 1.61668e-10 9.32518e-06
0.9963 0.0148846 0.98773 1.60171e-10 9.06088e-06
0.9964 0.014885 0.987729 1.60021e-10 8.88219e-06
0.9965 0.0148853 0.987729 1.5961e-10 8.81918e-06
0.9966 0.0148857 0.987728 1.59309e-10 8.66476e-06
0.9967 0.0148861 0.987728 1.61114e-10 8.81451e-06
0.9968 0.0148864 0.987727 1.61812e-10 8.85901e-06
0.9969 0.0148868 0.987726 1.61094e-10 8.82917e-06
0.997 0.0148871 0.987726 1.60868e-10 8.71577e-06
0.9971 0.0148875 0.987725 1.60738e-10 8.64693e-06
0.9972 0.0148879 0.987725 1.60751e-10 8.64091e-06
0.9973 0.0148882 0.987724 1.60151e-10 8.58594e-06
0.9974 0.0148886 0.987723 1.60999e-10 8.63714e-06
0.9975 0.0148889 0.987723 1.60896e-10 8.63072e-06
0.9976 0.0148893 0.987722 1.60809e-10 8.65884e-06
0.9977 0.0148897 0.987722 1.62138e-10 8.66037e-06
0.9978 0.01489 0.987721 1.62386e-10 8.65788e-06
0.9979 0.0148904 0.98772 1.62596e-10 8.62058e-06
0.998 0.0148908 0.98772 1.63198e-10 8.6676e-06
0.9981 0.0148911 0.987719 1.63682e-10 8.69446e-06
0.9982 0.0148915 0.987719 1.6377e-10 8.70993e-06
0.9983 0.0148918 0.987718 1.62644e-10 8.6937e-06
0.9984 0.0148922 0.987718 1.62649e-10 8.70396e-06
0.9985 0.0148926 0.987717 1.62635e-10 8.7252e-06
0.9986 0.0148929 0.987716 1.63561e-10 8.74652e-06
0.9987 0.0148933 0.987716 1.63352e-10 8.67317e-06
0.9988 0.0148936 0.987715 1.64209e-10 8.78867e-06
0.9989 0.014894 0.987715 1.64126e-10 8.77935e-06
0.999 0.0148944 0.987714 1.66474e-10 8.88365e-06
0.9991 0.0148947 0.987713 1.66735e-10 8.92506e-06
0.9992 0.0148951 0.987713 1.66073e-10 8.89925e-06
0.9993 0.0148955 0.987712 1.66728e-10 8.95546e-06
0.9994 0.0148958 0.987712 1.67921e-10 9.05721e-06
0.9995 0.0148962 0.987711 1.67717e-10 9.06995e-06
0.9996 0.0148965 0.98771 1.67e-10 9.10713e-06
0.9997 0.0148969 0.98771 1.67139e-10 9.14584e-06
0.9998 0.0148973 0.987709 1.66551e-10 9.13007e-06
0.9999 0.0148976 0.987709 1.66618e-10 9.21639e-06
1 0.014898 0.987708 1.67514e-10 9.36909e-06
1 0.014898 0.987708 1.05261e-16 2.80615e-13
